1,Casey,8/9/2018,Turquoise
2,Fairfax,1/29/2018,Orange
3,Kanya,11/14/2018,Khaki
4,Jackie,4/14/2018,Khaki
5,Lucie,4/11/2018,Aquamarine
6,Cariotta,11/15/2018,Yellow
7,Beret,2/4/2018,Indigo
8,Ruprecht,12/21/2018,Pink
9,Slade,5/13/2018,Green
10,Tony,11/9/2018,Orange
11,Yancy,5/12/2018,Violet
12,Terry,1/14/2018,Green
13,Jyoti,8/9/2018,Yellow
14,Saree,1/16/2018,Mauv
15,Lexie,12/24/2018,Turquoise
16,Cynde,5/29/2018,Fuscia
17,Ana,9/11/2018,Goldenrod
18,Loralie,9/2/2018,Indigo
19,Madonna,10/18/2018,Orange
20,Alastair,12/10/2018,Violet
21,Rubetta,5/23/2018,Aquamarine
22,Corbett,8/6/2018,Indigo
23,Daria,4/14/2018,Mauv
24,Geraldine,9/23/2018,Orange
25,Francois,1/16/2018,Green
26,Brooks,8/13/2018,Yellow
27,Clarita,6/26/2018,Mauv
28,Mathilde,3/6/2018,Yellow
29,Yasmin,3/22/2018,Green
30,Evelyn,11/15/2018,Indigo
31,Merill,9/16/2018,Blue
32,Gideon,12/31/2018,Crimson
33,Ivy,4/2/2018,Teal
34,Tricia,9/18/2018,Orange
35,Sonya,3/10/2018,Blue
36,Luise,2/17/2018,Puce
37,Joan,7/12/2018,Turquoise
38,Loni,8/26/2018,Fuscia
39,Octavia,6/23/2018,Crimson
40,Dante,5/10/2018,Yellow
41,Roy,6/25/2018,Aquamarine
42,Lara,1/27/2018,Fuscia
43,Jobye,2/27/2018,Goldenrod
44,Simona,9/11/2018,Aquamarine
45,Lalo,5/20/2018,Yellow
46,Letitia,6/28/2018,Yellow
47,Thomas,6/1/2018,Yellow
48,Ranice,1/19/2018,Red
49,Fee,3/15/2018,Yellow
50,Ebonee,12/27/2018,Crimson
51,Violetta,11/11/2018,Goldenrod
52,Darrel,10/26/2018,Aquamarine
53,Milty,12/26/2018,Violet
54,Amalea,12/24/2018,Goldenrod
55,Koren,3/31/2018,Khaki
56,Pasquale,12/15/2018,Indigo
57,Saundra,12/12/2018,Indigo
58,Jolyn,7/30/2018,Aquamarine
59,Osgood,3/17/2018,Pink
60,Neill,2/24/2018,Teal
61,Chadd,9/22/2018,Goldenrod
62,Leta,5/30/2018,Puce
63,Tally,8/19/2018,Crimson
64,Vassily,4/9/2018,Crimson
65,Chicky,5/28/2018,Purple
66,Bellanca,11/29/2018,Fuscia
67,Oswell,12/20/2018,Blue
68,Timotheus,1/12/2018,Violet
69,Inigo,10/29/2018,Purple
70,Coriss,9/15/2018,Aquamarine
71,Lisle,5/15/2018,Puce
72,Marybeth,6/3/2018,Indigo
73,Abby,4/24/2018,Blue
74,Flin,10/1/2018,Purple
75,Damiano,1/21/2018,Orange
76,Anjela,7/16/2018,Yellow
77,Martainn,10/19/2018,Pink
78,Torrence,7/28/2018,Teal
79,Elaine,7/18/2018,Fuscia
80,Charity,9/19/2018,Maroon
81,Roxanne,10/9/2018,Orange
82,Romola,10/2/2018,Crimson
83,Katrina,12/8/2018,Pink
84,Daniella,5/20/2018,Blue
85,Osmund,2/4/2018,Aquamarine
86,Lynette,5/6/2018,Khaki
87,Lucio,7/3/2018,Red
88,Lolly,7/22/2018,Crimson
89,Karry,4/24/2018,Indigo
90,Ardine,3/26/2018,Blue
91,Ailee,7/9/2018,Mauv
92,Lezlie,6/24/2018,Purple
93,Rochester,6/4/2018,Turquoise
94,Sheryl,1/1/2018,Blue
95,Nev,3/6/2018,Goldenrod
96,Celia,8/12/2018,Teal
97,Dulcie,10/13/2018,Khaki
98,Beverley,6/2/2018,Crimson
99,Bibbie,8/27/2018,Maroon
100,Darby,3/22/2018,Yellow
101,Jasper,7/27/2018,Turquoise
102,Albina,1/30/2018,Maroon
103,Raymund,1/30/2018,Aquamarine
104,Lani,11/16/2018,Yellow
105,Jeniece,1/13/2018,Crimson
106,Sly,11/9/2018,Indigo
107,Costa,10/20/2018,Goldenrod
108,Germayne,7/31/2018,Fuscia
109,Athena,2/13/2018,Purple
110,Cirillo,11/19/2018,Green
111,Jamesy,12/9/2018,Orange
112,Goldina,6/11/2018,Red
113,Stafani,4/15/2018,Yellow
114,Kaylyn,11/3/2018,Indigo
115,Dun,4/19/2018,Fuscia
116,Kippie,1/15/2018,Crimson
117,Jamie,11/20/2018,Red
118,Kassia,7/21/2018,Turquoise
119,Stavro,2/12/2018,Goldenrod
120,Hesther,10/1/2018,Maroon
121,Crissie,10/6/2018,Turquoise
122,Lynelle,10/17/2018,Indigo
123,Philip,10/18/2018,Orange
124,Klemens,4/24/2018,Teal
125,Twyla,8/1/2018,Yellow
126,Georgeanna,10/13/2018,Red
127,Cam,8/8/2018,Pink
128,Anastasia,5/30/2018,Yellow
129,Franz,6/15/2018,Purple
130,Melodie,1/5/2018,Purple
131,Sebastiano,6/4/2018,Goldenrod
132,Fletch,2/15/2018,Goldenrod
133,Lory,7/16/2018,Blue
134,Kaitlyn,8/3/2018,Red
135,Ronnie,4/1/2018,Yellow
136,Bart,7/4/2018,Violet
137,Yetta,2/16/2018,Teal
138,Dyna,9/4/2018,Turquoise
139,Seamus,7/25/2018,Blue
140,Vale,4/20/2018,Teal
141,Sheela,6/27/2018,Aquamarine
142,Levon,3/14/2018,Red
143,Vince,12/8/2018,Blue
144,Kittie,9/4/2018,Orange
145,Nari,8/18/2018,Fuscia
146,Sutton,8/17/2018,Khaki
147,Jolynn,2/1/2018,Orange
148,Glyn,2/5/2018,Puce
149,Berk,10/8/2018,Yellow
150,Selby,2/17/2018,Orange
151,Othello,5/12/2018,Maroon
152,Dian,5/31/2018,Mauv
153,Huntley,8/6/2018,Pink
154,Hedda,12/22/2018,Orange
155,Melisent,5/9/2018,Purple
156,Sidnee,8/29/2018,Khaki
157,Eimile,12/27/2018,Red
158,Zeke,3/27/2018,Blue
159,Tremain,2/9/2018,Yellow
160,Edmon,2/6/2018,Yellow
161,Fred,8/7/2018,Orange
162,Martynne,1/12/2018,Purple
163,Janine,2/2/2018,Maroon
164,Benny,2/19/2018,Crimson
165,Alfons,6/20/2018,Green
166,Melantha,5/18/2018,Crimson
167,Ramonda,12/27/2018,Blue
168,Gray,6/5/2018,Blue
169,Estelle,11/18/2018,Teal
170,Rochelle,10/17/2018,Teal
171,Emalee,3/27/2018,Aquamarine
172,Cathrin,9/12/2018,Blue
173,Ines,12/21/2018,Red
174,Wandie,9/13/2018,Khaki
175,Zacharia,8/31/2018,Purple
176,Agata,6/16/2018,Blue
177,Rollie,3/22/2018,Teal
178,Myrilla,4/12/2018,Mauv
179,Meara,9/21/2018,Khaki
180,Auria,9/3/2018,Goldenrod
181,Ysabel,8/29/2018,Khaki
182,Charlie,7/24/2018,Blue
183,Bentlee,12/24/2018,Mauv
184,Basilius,2/28/2018,Puce
185,Melodee,8/14/2018,Pink
186,Angelina,6/17/2018,Indigo
187,Brier,12/1/2018,Turquoise
188,Farris,10/31/2018,Crimson
189,Leonelle,11/28/2018,Orange
190,Melantha,12/21/2018,Teal
191,Lawrence,8/9/2018,Purple
192,Romeo,9/26/2018,Indigo
193,Meredith,10/21/2018,Pink
194,Tomasine,3/8/2018,Green
195,Terza,7/27/2018,Yellow
196,Weber,1/29/2018,Indigo
197,Immanuel,5/28/2018,Blue
198,Giffy,8/24/2018,Mauv
199,Devina,7/19/2018,Goldenrod
200,Felisha,8/6/2018,Turquoise
201,Leelah,10/4/2018,Purple
202,Adrian,6/2/2018,Maroon
203,Fairleigh,4/9/2018,Mauv
204,Garvin,5/28/2018,Maroon
205,Nananne,8/5/2018,Mauv
206,Lurette,3/28/2018,Khaki
207,Sargent,5/4/2018,Goldenrod
208,Adara,1/13/2018,Fuscia
209,Beilul,4/29/2018,Yellow
210,Anstice,3/21/2018,Teal
211,Kara,3/30/2018,Crimson
212,Halette,9/29/2018,Turquoise
213,Bunny,6/29/2018,Red
214,Honoria,9/16/2018,Maroon
215,Walden,7/8/2018,Mauv
216,Khalil,12/28/2018,Indigo
217,Drew,1/19/2018,Purple
218,Lorianna,9/2/2018,Yellow
219,Oliviero,8/31/2018,Puce
220,Georas,10/18/2018,Blue
221,Chrisse,3/12/2018,Green
222,Ava,7/26/2018,Turquoise
223,Ingrim,8/1/2018,Goldenrod
224,Belia,3/12/2018,Puce
225,Morris,10/8/2018,Teal
226,Maurizio,4/27/2018,Maroon
227,Juliane,1/12/2018,Orange
228,Taryn,12/30/2018,Orange
229,Thacher,10/5/2018,Aquamarine
230,Joe,3/23/2018,Khaki
231,Codi,8/22/2018,Purple
232,Sidoney,10/15/2018,Blue
233,Anabelle,7/24/2018,Pink
234,Harriott,4/18/2018,Fuscia
235,Johanna,4/30/2018,Indigo
236,Marylynne,3/4/2018,Purple
237,Vinita,12/31/2018,Fuscia
238,Freeland,10/19/2018,Khaki
239,Korrie,7/24/2018,Purple
240,Stephana,3/2/2018,Goldenrod
241,Astrix,3/18/2018,Fuscia
242,Jareb,5/2/2018,Green
243,Conn,6/30/2018,Pink
244,Ring,6/4/2018,Fuscia
245,Minny,11/12/2018,Aquamarine
246,Devy,12/8/2018,Purple
247,Neille,5/26/2018,Orange
248,Noe,11/27/2018,Crimson
249,Alfie,2/9/2018,Blue
250,Jory,8/18/2018,Goldenrod
251,Odette,6/11/2018,Blue
252,Lianne,3/9/2018,Red
253,Jacky,10/7/2018,Puce
254,Alphonso,8/12/2018,Green
255,Margarethe,6/12/2018,Red
256,Edd,1/16/2018,Crimson
257,Bald,3/31/2018,Yellow
258,Arlena,8/28/2018,Teal
259,Odie,6/11/2018,Crimson
260,Nico,7/3/2018,Purple
261,Midge,3/27/2018,Goldenrod
262,Noam,7/12/2018,Aquamarine
263,Drona,11/10/2018,Puce
264,Virgina,11/24/2018,Mauv
265,Miles,10/4/2018,Pink
266,Adolpho,8/24/2018,Puce
267,Camile,7/17/2018,Aquamarine
268,Magdalen,11/22/2018,Crimson
269,Kermy,12/15/2018,Orange
270,Reynold,11/13/2018,Red
271,Adolf,12/3/2018,Violet
272,Hilda,8/25/2018,Teal
273,Emmalee,6/2/2018,Fuscia
274,Seumas,2/2/2018,Green
275,Pren,9/22/2018,Goldenrod
276,Robinson,4/17/2018,Violet
277,Georgiana,12/17/2018,Khaki
278,Karoly,2/12/2018,Goldenrod
279,Vevay,3/22/2018,Blue
280,Leesa,9/18/2018,Puce
281,Keary,9/25/2018,Maroon
282,Alla,9/11/2018,Pink
283,Gal,7/7/2018,Purple
284,Benni,5/16/2018,Khaki
285,Johnny,3/1/2018,Khaki
286,Maddy,1/6/2018,Crimson
287,Chickie,12/21/2018,Yellow
288,Melina,1/25/2018,Red
289,Nannie,7/7/2018,Fuscia
290,Lionello,8/2/2018,Violet
291,Ivie,6/18/2018,Purple
292,Aveline,3/26/2018,Mauv
293,Odele,12/31/2018,Orange
294,Petrina,6/17/2018,Blue
295,Mandy,7/21/2018,Green
296,Worthington,12/31/2018,Red
297,Ollie,10/10/2018,Puce
298,Lamond,9/7/2018,Teal
299,Uta,1/10/2018,Maroon
300,Urbanus,4/28/2018,Green
301,Silvana,9/21/2018,Aquamarine
302,Bayard,10/19/2018,Teal
303,Jasmine,11/15/2018,Aquamarine
304,Timmie,2/19/2018,Turquoise
305,Eddy,8/7/2018,Maroon
306,Delores,8/7/2018,Mauv
307,Marchelle,10/16/2018,Violet
308,Uta,5/29/2018,Orange
309,Timi,12/27/2018,Khaki
310,Ricky,10/14/2018,Red
311,Ardella,7/20/2018,Yellow
312,Arleen,5/29/2018,Crimson
313,Virgina,10/26/2018,Yellow
314,Bryce,4/8/2018,Maroon
315,Dorthea,5/7/2018,Crimson
316,Mahmud,9/25/2018,Blue
317,Carlene,6/17/2018,Blue
318,Giorgio,7/28/2018,Orange
319,Perri,12/22/2018,Orange
320,Nichol,4/4/2018,Khaki
321,Robinia,6/23/2018,Blue
322,Keven,11/18/2018,Blue
323,Titus,3/16/2018,Green
324,Jasen,3/23/2018,Green
325,Lawton,7/4/2018,Violet
326,Noah,10/8/2018,Goldenrod
327,Susanna,4/24/2018,Turquoise
328,Jamesy,7/1/2018,Violet
329,Salem,8/17/2018,Pink
330,Vladamir,10/1/2018,Red
331,Monica,3/11/2018,Goldenrod
332,Bernardine,12/9/2018,Fuscia
333,Linell,1/24/2018,Mauv
334,Candida,7/4/2018,Goldenrod
335,Benito,3/23/2018,Aquamarine
336,Annabella,9/20/2018,Indigo
337,Dominica,5/1/2018,Puce
338,Sibel,10/10/2018,Green
339,Myrle,3/28/2018,Crimson
340,Rana,3/2/2018,Pink
341,Bartel,4/10/2018,Green
342,Madlin,1/27/2018,Violet
343,Ardenia,2/17/2018,Puce
344,Craggie,5/31/2018,Puce
345,Katleen,12/23/2018,Violet
346,Francyne,9/14/2018,Crimson
347,Humberto,4/23/2018,Crimson
348,Lexis,6/28/2018,Pink
349,Ericka,4/7/2018,Fuscia
350,Ealasaid,2/21/2018,Red
351,Austina,7/14/2018,Purple
352,Veronike,3/11/2018,Purple
353,Karin,7/25/2018,Mauv
354,Dorolisa,8/30/2018,Crimson
355,Darb,8/29/2018,Crimson
356,Thorn,7/3/2018,Puce
357,Sigfrid,2/15/2018,Blue
358,Gage,6/24/2018,Green
359,Iseabal,6/11/2018,Purple
360,Quincy,9/16/2018,Pink
361,Orella,5/4/2018,Aquamarine
362,Bartolomeo,10/11/2018,Mauv
363,Filmer,9/27/2018,Goldenrod
364,Rori,3/9/2018,Fuscia
365,Arne,9/13/2018,Goldenrod
366,Pasquale,1/5/2018,Green
367,Bogey,12/13/2018,Green
368,Doll,10/14/2018,Purple
369,Siward,10/30/2018,Goldenrod
370,Helen,1/21/2018,Yellow
371,Annaliese,8/2/2018,Indigo
372,Chalmers,5/17/2018,Goldenrod
373,Conrado,10/29/2018,Goldenrod
374,Giffer,1/7/2018,Khaki
375,Muffin,10/3/2018,Red
376,Moise,8/12/2018,Turquoise
377,Bunny,4/30/2018,Violet
378,Andi,2/12/2018,Teal
379,Raquela,10/9/2018,Aquamarine
380,Lovell,12/31/2018,Blue
381,Ingunna,6/5/2018,Pink
382,Angeline,6/1/2018,Pink
383,Halsey,1/14/2018,Khaki
384,Jacklin,4/13/2018,Blue
385,Kally,6/17/2018,Puce
386,Jabez,7/11/2018,Violet
387,Leann,6/30/2018,Pink
388,Lona,2/1/2018,Goldenrod
389,Ursala,5/13/2018,Fuscia
390,Filip,2/1/2018,Puce
391,Tremaine,6/29/2018,Puce
392,Britteny,3/8/2018,Violet
393,Stacia,4/30/2018,Red
394,Renee,11/12/2018,Turquoise
395,Nora,2/4/2018,Teal
396,Marin,9/24/2018,Mauv
397,Silas,5/14/2018,Indigo
398,Chelsey,2/18/2018,Fuscia
399,Putnam,1/14/2018,Turquoise
400,Jodie,10/27/2018,Yellow
401,Farrell,4/7/2018,Turquoise
402,Marie,5/22/2018,Puce
403,Ellen,12/20/2018,Crimson
404,Lonnard,7/18/2018,Crimson
405,Silvanus,12/24/2018,Orange
406,Bernete,11/17/2018,Orange
407,Blanca,7/4/2018,Crimson
408,Petronia,8/31/2018,Teal
409,Darrell,2/2/2018,Crimson
410,Gilli,4/23/2018,Puce
411,Teddie,7/15/2018,Pink
412,Candie,7/2/2018,Aquamarine
413,Micah,5/19/2018,Crimson
414,Brittne,2/3/2018,Indigo
415,Tildi,10/6/2018,Green
416,Padget,4/8/2018,Crimson
417,Dun,8/16/2018,Khaki
418,Tove,12/17/2018,Blue
419,Tiebout,12/2/2018,Violet
420,Charyl,11/22/2018,Khaki
421,Bettine,6/27/2018,Indigo
422,Bree,7/15/2018,Violet
423,Arielle,11/9/2018,Turquoise
424,Bonni,10/3/2018,Yellow
425,Corette,9/2/2018,Khaki
426,Ignaz,4/29/2018,Teal
427,Mendy,10/3/2018,Indigo
428,Cissiee,4/15/2018,Mauv
429,Chris,8/30/2018,Violet
430,Edgardo,7/13/2018,Purple
431,Joli,8/23/2018,Pink
432,Cindra,10/11/2018,Pink
433,Katina,9/28/2018,Purple
434,Koenraad,5/17/2018,Turquoise
435,Svend,9/18/2018,Puce
436,Langsdon,8/22/2018,Orange
437,Josephina,1/5/2018,Indigo
438,Wyn,2/27/2018,Pink
439,Barron,12/18/2018,Khaki
440,Giffard,12/9/2018,Indigo
441,Paddy,11/25/2018,Teal
442,Ofilia,6/19/2018,Puce
443,Teddie,5/3/2018,Maroon
444,Caro,6/5/2018,Orange
445,Sharleen,5/4/2018,Maroon
446,Benn,9/6/2018,Puce
447,Haskell,9/5/2018,Khaki
448,Casper,5/4/2018,Red
449,Jacqui,10/23/2018,Purple
450,Jamaal,5/12/2018,Puce
451,Deerdre,1/17/2018,Goldenrod
452,Willyt,7/26/2018,Green
453,Kirstin,4/7/2018,Teal
454,Atlanta,2/7/2018,Crimson
455,Kata,9/16/2018,Violet
456,Angie,3/9/2018,Violet
457,Nikolai,3/4/2018,Crimson
458,Donal,10/2/2018,Blue
459,Maurine,1/9/2018,Maroon
460,Colan,2/25/2018,Mauv
461,Olivette,3/15/2018,Violet
462,Federico,7/21/2018,Violet
463,Aryn,8/3/2018,Aquamarine
464,Lorette,1/20/2018,Yellow
465,Kesley,8/12/2018,Fuscia
466,Nicholas,5/10/2018,Mauv
467,Kimmi,4/7/2018,Maroon
468,Stephie,8/1/2018,Goldenrod
469,Fairfax,2/18/2018,Purple
470,Cristionna,1/14/2018,Mauv
471,Magda,11/25/2018,Purple
472,Teriann,12/12/2018,Fuscia
473,Mavra,5/21/2018,Green
474,Adams,1/16/2018,Aquamarine
475,Werner,9/10/2018,Puce
476,Christiane,12/24/2018,Yellow
477,Doralin,12/3/2018,Fuscia
478,Krysta,9/26/2018,Maroon
479,Barty,8/11/2018,Blue
480,Demott,2/14/2018,Pink
481,Issiah,10/26/2018,Orange
482,Georgi,1/11/2018,Maroon
483,Marin,6/4/2018,Indigo
484,Darlleen,8/12/2018,Turquoise
485,Ludvig,4/30/2018,Teal
486,Milt,10/24/2018,Pink
487,Gwenneth,1/30/2018,Pink
488,Daphna,11/2/2018,Pink
489,Hart,10/25/2018,Fuscia
490,Bo,7/2/2018,Pink
491,Alison,7/6/2018,Green
492,Corabelle,8/25/2018,Pink
493,Holly-anne,6/6/2018,Teal
494,Florella,9/16/2018,Aquamarine
495,Selene,5/9/2018,Maroon
496,Barbara-anne,11/24/2018,Crimson
497,Lizzie,10/15/2018,Fuscia
498,Valera,10/5/2018,Mauv
499,Matthew,5/5/2018,Purple
500,Dahlia,7/8/2018,Red
501,Boy,8/9/2018,Turquoise
502,Cecilio,4/6/2018,Fuscia
503,Bobina,8/5/2018,Mauv
504,Matelda,12/26/2018,Violet
505,Olivette,9/21/2018,Mauv
506,Nikita,5/19/2018,Purple
507,Karin,1/28/2018,Indigo
508,Benjamen,7/17/2018,Pink
509,Donavon,9/4/2018,Maroon
510,Leigh,6/26/2018,Red
511,Lebbie,4/13/2018,Yellow
512,Wit,3/20/2018,Blue
513,Mora,2/6/2018,Green
514,Angelita,9/25/2018,Maroon
515,Olive,3/19/2018,Pink
516,Daron,6/23/2018,Turquoise
517,Wolf,8/18/2018,Maroon
518,Ginni,2/24/2018,Mauv
519,Robers,12/29/2018,Maroon
520,Shelby,10/2/2018,Indigo
521,John,9/17/2018,Teal
522,Larina,3/5/2018,Crimson
523,Bryant,4/8/2018,Puce
524,Giulietta,1/5/2018,Green
525,Debra,8/11/2018,Aquamarine
526,Patrick,6/28/2018,Aquamarine
527,Dari,3/27/2018,Pink
528,Billi,2/27/2018,Puce
529,Donny,2/16/2018,Puce
530,Mariette,11/28/2018,Red
531,Pryce,12/8/2018,Turquoise
532,Berkley,3/31/2018,Maroon
533,Normand,9/22/2018,Blue
534,Shayne,1/31/2018,Goldenrod
535,Bord,8/2/2018,Fuscia
536,Diana,1/5/2018,Mauv
537,Mariquilla,9/3/2018,Khaki
538,Denni,9/3/2018,Crimson
539,Nydia,10/18/2018,Crimson
540,Siffre,6/30/2018,Puce
541,Pen,9/14/2018,Indigo
542,Tristan,8/31/2018,Pink
543,Dew,4/14/2018,Indigo
544,Malina,3/15/2018,Green
545,Fields,5/4/2018,Crimson
546,Jessica,9/13/2018,Fuscia
547,Luce,2/2/2018,Green
548,Sherlock,8/10/2018,Yellow
549,Lynde,12/2/2018,Orange
550,Aubrette,2/19/2018,Fuscia
551,Barty,7/16/2018,Purple
552,Rafaelita,6/30/2018,Blue
553,Wallis,10/27/2018,Khaki
554,Cody,1/12/2018,Purple
555,Urbain,9/18/2018,Crimson
556,Merrili,2/26/2018,Goldenrod
557,Andrus,3/28/2018,Fuscia
558,Gabbey,6/30/2018,Red
559,Mischa,11/1/2018,Khaki
560,Korry,4/4/2018,Teal
561,Shell,12/22/2018,Green
562,Aleta,3/20/2018,Crimson
563,Magdalena,6/1/2018,Red
564,Coleen,3/17/2018,Violet
565,Samuele,8/18/2018,Teal
566,Lucilia,9/25/2018,Mauv
567,Batholomew,2/4/2018,Maroon
568,Jamey,1/7/2018,Khaki
569,Kathrine,8/17/2018,Red
570,Corey,7/13/2018,Purple
571,Reggis,7/28/2018,Teal
572,Dyane,2/16/2018,Crimson
573,Seth,9/24/2018,Yellow
574,Calley,2/3/2018,Mauv
575,Homerus,5/16/2018,Goldenrod
576,Alia,4/6/2018,Purple
577,Aldin,7/12/2018,Mauv
578,Rafaela,6/7/2018,Teal
579,Kingston,10/10/2018,Crimson
580,Berti,5/11/2018,Maroon
581,Robinia,9/7/2018,Aquamarine
582,Del,2/20/2018,Violet
583,Perren,6/29/2018,Indigo
584,Cyril,3/24/2018,Green
585,Lorne,3/28/2018,Violet
586,Cleveland,5/27/2018,Pink
587,Nolana,11/9/2018,Green
588,Arly,10/13/2018,Khaki
589,Brandon,10/22/2018,Mauv
590,Aluino,7/5/2018,Puce
591,Nesta,4/27/2018,Puce
592,Eveleen,10/23/2018,Pink
593,Ruprecht,2/19/2018,Orange
594,Nathalia,3/22/2018,Aquamarine
595,Ronna,3/22/2018,Maroon
596,Yvonne,9/1/2018,Maroon
597,Sybil,2/22/2018,Aquamarine
598,Glynnis,10/14/2018,Crimson
599,Jamison,12/29/2018,Indigo
600,Clevey,11/30/2018,Goldenrod
601,Pia,10/8/2018,Goldenrod
602,Leslie,3/22/2018,Blue
603,Damien,12/11/2018,Puce
604,Alia,5/19/2018,Pink
605,Allin,11/14/2018,Goldenrod
606,Frederique,12/1/2018,Puce
607,Jamil,5/22/2018,Goldenrod
608,Nessy,3/11/2018,Crimson
609,Jaquelyn,6/24/2018,Indigo
610,Far,12/8/2018,Crimson
611,Ely,9/28/2018,Turquoise
612,Maggie,11/12/2018,Turquoise
613,Lizzie,7/16/2018,Mauv
614,Calla,8/18/2018,Turquoise
615,Drugi,4/25/2018,Red
616,Deva,12/7/2018,Turquoise
617,Martica,3/17/2018,Green
618,Leland,12/7/2018,Indigo
619,Aaren,6/10/2018,Maroon
620,Camel,9/29/2018,Maroon
621,Walton,3/5/2018,Yellow
622,Forester,8/29/2018,Orange
623,Cecelia,8/22/2018,Puce
624,Tony,12/7/2018,Red
625,Betty,3/13/2018,Orange
626,Yurik,12/14/2018,Goldenrod
627,Deedee,12/31/2018,Fuscia
628,Brnaba,4/1/2018,Purple
629,Sigismund,12/28/2018,Fuscia
630,Nissy,3/2/2018,Crimson
631,Marget,2/16/2018,Crimson
632,Faustine,7/26/2018,Red
633,Kendell,7/3/2018,Blue
634,Ritchie,9/11/2018,Goldenrod
635,Ferdinande,2/5/2018,Teal
636,Cassie,5/4/2018,Green
637,Glen,11/26/2018,Pink
638,Lesli,9/23/2018,Red
639,Libbie,6/24/2018,Khaki
640,Grace,1/18/2018,Aquamarine
641,Florri,4/5/2018,Maroon
642,Carling,8/22/2018,Pink
643,Leonerd,11/2/2018,Mauv
644,Alfred,7/2/2018,Puce
645,Veriee,7/16/2018,Mauv
646,Leah,4/9/2018,Purple
647,Blakeley,12/17/2018,Turquoise
648,Isac,3/18/2018,Goldenrod
649,Vivianne,9/2/2018,Puce
650,Ilario,6/15/2018,Violet
651,Aileen,10/16/2018,Maroon
652,Regan,1/9/2018,Crimson
653,Pammi,8/6/2018,Fuscia
654,Jobina,9/1/2018,Teal
655,Josephine,11/15/2018,Aquamarine
656,Palmer,4/25/2018,Teal
657,Sayers,12/12/2018,Blue
658,Zelig,4/6/2018,Orange
659,Aurie,5/2/2018,Fuscia
660,Ethyl,9/28/2018,Indigo
661,Brandea,4/24/2018,Green
662,Addi,8/13/2018,Pink
663,Jacobo,11/30/2018,Indigo
664,Millicent,8/6/2018,Crimson
665,Dix,4/8/2018,Yellow
666,Gunilla,8/16/2018,Pink
667,Berton,2/5/2018,Fuscia
668,Brantley,6/8/2018,Pink
669,Lemar,9/24/2018,Puce
670,Royal,12/7/2018,Orange
671,Catriona,11/5/2018,Orange
672,Yves,4/10/2018,Turquoise
673,Lucho,1/28/2018,Green
674,Victoria,3/19/2018,Crimson
675,Caressa,2/3/2018,Crimson
676,Lona,3/31/2018,Crimson
677,Donal,6/26/2018,Fuscia
678,Galvan,9/29/2018,Aquamarine
679,Grace,7/10/2018,Red
680,Prue,9/29/2018,Goldenrod
681,Myrilla,12/6/2018,Goldenrod
682,Frasco,5/28/2018,Yellow
683,Kain,7/18/2018,Puce
684,Chadd,8/12/2018,Violet
685,Brietta,4/3/2018,Teal
686,Frederich,12/8/2018,Puce
687,Leonidas,3/16/2018,Purple
688,Bronson,9/5/2018,Violet
689,Demeter,1/26/2018,Puce
690,Etta,7/9/2018,Violet
691,Ewart,3/1/2018,Indigo
692,Merv,7/16/2018,Khaki
693,Ariel,8/10/2018,Crimson
694,Dallas,2/1/2018,Khaki
695,Mollee,9/9/2018,Teal
696,Dugald,6/22/2018,Red
697,Lorenza,9/18/2018,Orange
698,Wesley,7/21/2018,Fuscia
699,Eugenia,5/22/2018,Fuscia
700,Ezmeralda,9/29/2018,Fuscia
701,Stavros,2/25/2018,Purple
702,Jeromy,4/4/2018,Blue
703,Elvira,7/4/2018,Maroon
704,Meg,3/22/2018,Blue
705,Christye,6/3/2018,Red
706,Sasha,5/23/2018,Indigo
707,Emmie,8/16/2018,Blue
708,Rorie,5/16/2018,Aquamarine
709,Wilfred,4/30/2018,Red
710,Rivalee,10/2/2018,Yellow
711,Heloise,10/24/2018,Aquamarine
712,Tony,10/4/2018,Red
713,Reinald,7/19/2018,Red
714,Sharlene,8/6/2018,Aquamarine
715,Murdock,2/24/2018,Fuscia
716,Neill,4/11/2018,Puce
717,Constantin,3/19/2018,Turquoise
718,Roddy,9/11/2018,Blue
719,Ricoriki,11/22/2018,Maroon
720,Sindee,12/20/2018,Crimson
721,Eugenius,6/17/2018,Crimson
722,Kathi,6/1/2018,Pink
723,Wren,6/8/2018,Fuscia
724,Thomas,11/11/2018,Fuscia
725,Gregoire,6/27/2018,Maroon
726,Kariotta,11/1/2018,Fuscia
727,Dion,7/10/2018,Violet
728,Rey,5/18/2018,Aquamarine
729,Keenan,10/5/2018,Yellow
730,Alwyn,9/28/2018,Blue
731,Pepi,12/14/2018,Yellow
732,Cy,6/29/2018,Mauv
733,Konstance,4/2/2018,Turquoise
734,Cosmo,4/24/2018,Pink
735,Joice,4/24/2018,Purple
736,Ignacio,11/30/2018,Crimson
737,Westleigh,1/5/2018,Yellow
738,Roderic,2/23/2018,Indigo
739,Dyann,9/29/2018,Fuscia
740,Kingsly,12/24/2018,Maroon
741,Liv,3/6/2018,Turquoise
742,Bentlee,1/2/2018,Purple
743,Wilmette,7/11/2018,Maroon
744,Lisbeth,4/10/2018,Puce
745,Doe,6/10/2018,Violet
746,Candice,9/5/2018,Pink
747,Janelle,9/27/2018,Blue
748,Aldridge,8/7/2018,Yellow
749,Isabeau,7/20/2018,Purple
750,Lynnelle,5/30/2018,Crimson
751,Orly,11/1/2018,Orange
752,Cordey,2/13/2018,Turquoise
753,Taylor,8/28/2018,Green
754,Ernestine,4/11/2018,Puce
755,Tamera,10/2/2018,Purple
756,Miran,7/25/2018,Khaki
757,Colet,7/19/2018,Turquoise
758,Marilee,6/2/2018,Goldenrod
759,Michale,2/7/2018,Violet
760,Ardeen,3/18/2018,Aquamarine
761,Noak,11/18/2018,Purple
762,Cindee,2/3/2018,Crimson
763,Aurilia,5/9/2018,Indigo
764,Randal,6/16/2018,Orange
765,Stevie,10/10/2018,Blue
766,Fred,9/23/2018,Teal
767,Rickert,11/11/2018,Aquamarine
768,Rori,2/7/2018,Turquoise
769,Berk,10/5/2018,Violet
770,Dar,5/20/2018,Red
771,Shara,5/31/2018,Yellow
772,Neila,4/21/2018,Yellow
773,Sol,1/25/2018,Fuscia
774,Stephen,10/21/2018,Blue
775,Claudetta,8/11/2018,Orange
776,Colan,6/9/2018,Fuscia
777,Stavro,7/18/2018,Yellow
778,Tonye,7/27/2018,Turquoise
779,Emmit,10/25/2018,Crimson
780,Maureen,8/16/2018,Fuscia
781,Honey,11/22/2018,Green
782,Roselle,1/14/2018,Puce
783,Bartholemy,11/14/2018,Red
784,Thedric,3/26/2018,Purple
785,Wakefield,3/26/2018,Khaki
786,Molly,6/3/2018,Purple
787,Farlie,3/14/2018,Aquamarine
788,Sharron,12/1/2018,Yellow
789,Yancy,6/22/2018,Goldenrod
790,Cati,9/9/2018,Pink
791,Park,5/4/2018,Indigo
792,Blake,12/17/2018,Violet
793,Walton,4/7/2018,Pink
794,Sherye,11/30/2018,Purple
795,Anatola,9/25/2018,Purple
796,Joice,11/25/2018,Red
797,Dyana,2/13/2018,Green
798,Carlie,10/31/2018,Red
799,Dedra,2/10/2018,Goldenrod
800,Bjorn,5/25/2018,Maroon
801,Luce,9/23/2018,Mauv
802,Gretel,11/5/2018,Crimson
803,Patten,12/17/2018,Fuscia
804,Derrek,5/24/2018,Aquamarine
805,Moore,1/21/2018,Violet
806,Fanny,3/16/2018,Crimson
807,Allan,11/15/2018,Blue
808,Audrey,4/16/2018,Maroon
809,Anjanette,10/15/2018,Turquoise
810,Georgeta,12/22/2018,Goldenrod
811,Elenore,1/28/2018,Aquamarine
812,Luce,11/19/2018,Blue
813,Angelico,8/4/2018,Puce
814,Michale,5/19/2018,Green
815,Boris,9/23/2018,Red
816,Roda,2/14/2018,Purple
817,Lennie,4/22/2018,Goldenrod
818,Win,3/27/2018,Turquoise
819,Colline,12/25/2018,Pink
820,Page,7/6/2018,Turquoise
821,Jannel,6/21/2018,Red
822,Tore,1/2/2018,Red
823,Nancy,3/25/2018,Khaki
824,Deny,10/5/2018,Yellow
825,Cybil,10/7/2018,Puce
826,Malina,9/4/2018,Puce
827,Grantham,3/1/2018,Pink
828,Pammi,12/20/2018,Indigo
829,Kelci,9/30/2018,Indigo
830,Leona,8/10/2018,Purple
831,Carlyn,1/31/2018,Orange
832,Torey,5/15/2018,Khaki
833,Alie,7/4/2018,Yellow
834,Leodora,9/27/2018,Blue
835,Guilbert,7/7/2018,Red
836,Perkin,9/10/2018,Orange
837,Tuck,12/1/2018,Indigo
838,Gregg,10/5/2018,Crimson
839,Lexi,3/8/2018,Violet
840,Barret,6/11/2018,Purple
841,Ealasaid,3/14/2018,Blue
842,Caritta,11/18/2018,Blue
843,Odella,8/20/2018,Maroon
844,Eldon,12/19/2018,Mauv
845,Michal,6/12/2018,Red
846,Tonya,6/8/2018,Puce
847,Sonya,8/14/2018,Pink
848,Brien,5/16/2018,Goldenrod
849,Aarika,10/10/2018,Khaki
850,Erv,11/30/2018,Orange
851,Grove,10/14/2018,Aquamarine
852,Zelma,2/18/2018,Indigo
853,Skip,10/10/2018,Indigo
854,Devonne,8/15/2018,Orange
855,Jonas,5/5/2018,Violet
856,Alphonse,11/19/2018,Teal
857,Britni,11/6/2018,Teal
858,Pearl,4/16/2018,Maroon
859,Gilemette,3/24/2018,Yellow
860,Kristin,1/5/2018,Pink
861,Chic,12/7/2018,Goldenrod
862,Jen,7/29/2018,Pink
863,Ford,4/1/2018,Purple
864,Emmery,6/28/2018,Aquamarine
865,Lorri,10/28/2018,Maroon
866,Merrielle,1/13/2018,Teal
867,Zara,2/27/2018,Violet
868,Care,9/7/2018,Mauv
869,Tobiah,6/9/2018,Khaki
870,Cortney,5/16/2018,Aquamarine
871,Elbert,5/27/2018,Crimson
872,Cornela,4/27/2018,Khaki
873,Kacy,5/25/2018,Goldenrod
874,Nadine,8/7/2018,Purple
875,Arden,2/11/2018,Aquamarine
876,Mab,8/29/2018,Red
877,Ransom,4/8/2018,Puce
878,Merline,8/24/2018,Turquoise
879,Cozmo,4/11/2018,Khaki
880,Krissie,11/25/2018,Puce
881,Priscella,5/13/2018,Violet
882,Gaston,10/14/2018,Yellow
883,Christiano,7/7/2018,Crimson
884,Norri,3/4/2018,Red
885,Iver,10/12/2018,Purple
886,Vida,3/9/2018,Green
887,Timmie,6/2/2018,Pink
888,Malorie,6/18/2018,Aquamarine
889,Kean,9/16/2018,Khaki
890,Garry,4/23/2018,Purple
891,Martin,9/27/2018,Crimson
892,Kata,1/31/2018,Teal
893,Maddy,4/6/2018,Blue
894,Darya,6/27/2018,Red
895,Ardath,6/2/2018,Teal
896,Maxy,8/23/2018,Goldenrod
897,Earle,11/7/2018,Mauv
898,Margaux,5/18/2018,Green
899,Dar,6/20/2018,Indigo
900,Noby,4/26/2018,Crimson
901,Teresa,4/5/2018,Purple
902,Fay,11/20/2018,Khaki
903,Iona,9/9/2018,Khaki
904,Nerty,7/2/2018,Aquamarine
905,Padraig,8/2/2018,Red
906,Darsie,6/21/2018,Purple
907,Cyndy,7/4/2018,Teal
908,Wilfrid,10/18/2018,Goldenrod
909,Dulcine,10/27/2018,Indigo
910,Hyacintha,3/30/2018,Teal
911,Marti,9/20/2018,Goldenrod
912,Mable,11/18/2018,Mauv
913,Barbara,12/8/2018,Goldenrod
914,Bil,12/16/2018,Violet
915,Chickie,9/10/2018,Pink
916,Vivi,3/4/2018,Green
917,Britney,12/9/2018,Purple
918,Aubrette,1/22/2018,Turquoise
919,Peadar,1/19/2018,Crimson
920,Loree,11/18/2018,Indigo
921,Elias,5/13/2018,Pink
922,Basil,2/28/2018,Orange
923,Harli,6/5/2018,Green
924,Palm,8/11/2018,Goldenrod
925,Davis,7/10/2018,Orange
926,Bethany,5/15/2018,Turquoise
927,Gilberto,1/13/2018,Purple
928,Olav,9/12/2018,Pink
929,Lynne,5/3/2018,Red
930,Angele,5/28/2018,Turquoise
931,Concordia,3/2/2018,Turquoise
932,Roderigo,7/5/2018,Indigo
933,Slade,3/19/2018,Crimson
934,Deirdre,8/18/2018,Red
935,Ashely,10/30/2018,Green
936,Jesus,9/21/2018,Green
937,Philly,10/3/2018,Pink
938,Isacco,6/16/2018,Mauv
939,Hermia,12/11/2018,Teal
940,Florida,9/27/2018,Goldenrod
941,Fitz,2/24/2018,Crimson
942,Ursulina,4/19/2018,Green
943,Marnia,9/5/2018,Mauv
944,Anatol,7/1/2018,Puce
945,Mitchael,2/21/2018,Pink
946,Violante,1/14/2018,Mauv
947,Nero,3/5/2018,Aquamarine
948,Amalie,5/2/2018,Crimson
949,Hermia,2/12/2018,Purple
950,Ruby,9/17/2018,Red
951,Osbert,12/19/2018,Teal
952,Cloris,6/2/2018,Indigo
953,Lyda,7/16/2018,Khaki
954,Ilario,12/23/2018,Turquoise
955,Odille,8/18/2018,Blue
956,Darryl,8/11/2018,Puce
957,Ana,4/6/2018,Goldenrod
958,Bella,6/14/2018,Mauv
959,Darb,5/13/2018,Teal
960,Dunstan,8/22/2018,Red
961,Corena,8/1/2018,Puce
962,Caye,1/28/2018,Blue
963,Winslow,9/28/2018,Khaki
964,Chickie,3/7/2018,Puce
965,Karon,4/5/2018,Turquoise
966,Marice,7/13/2018,Red
967,Tawnya,4/16/2018,Pink
968,Gasparo,6/18/2018,Teal
969,Darcy,4/28/2018,Fuscia
970,Ulrikaumeko,7/15/2018,Puce
971,Tiffani,9/8/2018,Purple
972,Eamon,8/8/2018,Fuscia
973,Reece,4/28/2018,Fuscia
974,Bobbe,1/27/2018,Blue
975,Shanon,7/19/2018,Khaki
976,Fancie,6/21/2018,Puce
977,Christi,7/13/2018,Mauv
978,Katheryn,9/30/2018,Blue
979,Randi,11/21/2018,Goldenrod
980,Conrade,10/15/2018,Fuscia
981,Stanislaw,3/13/2018,Blue
982,Wilfrid,12/7/2018,Aquamarine
983,Hedda,5/2/2018,Maroon
984,Theodor,9/5/2018,Puce
985,Jorie,12/16/2018,Khaki
986,Keane,7/19/2018,Turquoise
987,Martin,4/30/2018,Yellow
988,Durant,12/2/2018,Indigo
989,Maren,12/11/2018,Teal
990,Bowie,12/16/2018,Teal
991,Reynard,7/13/2018,Crimson
992,Gradeigh,1/18/2018,Maroon
993,Colin,10/31/2018,Goldenrod
994,Fowler,3/2/2018,Blue
995,Kellyann,7/23/2018,Khaki
996,Pansie,11/6/2018,Aquamarine
997,Rozanne,6/25/2018,Blue
998,Uri,4/5/2018,Aquamarine
999,Derron,2/9/2018,Turquoise
1000,Engelbert,2/9/2018,Yellow
