Ulla,12/11/2014,999,Dodge
L;urette,09/02/2014,998,Buick
Theresita,29/08/2018,997,Chevrolet
Georgianne,22/05/2018,996,Ford
Noel,16/09/2015,995,Ford
Simone,22/08/2013,994,Audi
Cahra,06/02/2018,993,Buick
Yoshiko,22/11/2018,992,Toyota
Sutherlan,11/02/2016,991,Chevrolet
Korry,12/10/2017,990,Chevrolet
Duffie,18/01/2019,989,Chevrolet
Abby,27/02/2013,988,Pontiac
Aharon,22/09/2014,987,BMW
Lisetta,11/08/2019,986,Nissan
Waylon,19/09/2014,985,Toyota
Natty,14/04/2014,984,Volvo
Tyrone,22/06/2013,983,Honda
Tanney,02/12/2013,982,Toyota
Gwenny,16/06/2018,981,Lotus
Zarah,22/03/2016,980,Volkswagen
Joellen,16/01/2014,979,Mitsubishi
Ethan,12/03/2019,978,Acura
Sophia,09/07/2018,977,Oldsmobile
Neda,19/02/2017,976,GMC
Gratiana,20/02/2013,975,Ford
Tasha,17/02/2017,974,Pontiac
Fons,11/01/2015,973,Dodge
Steward,10/04/2014,972,Mercury
Donnie,01/09/2019,971,Maserati
Ellyn,18/04/2014,970,Mercedes-Benz
Michal,01/02/2019,969,Toyota
Meridel,19/08/2016,968,Isuzu
Fayette,12/04/2018,967,Ford
Montgomery,17/08/2016,966,Subaru
Fields,09/11/2015,965,Subaru
Pietra,24/10/2013,964,Kia
Bridget,30/12/2012,963,Lexus
Nady,10/02/2014,962,Isuzu
Vyky,18/09/2014,961,Pontiac
Hyatt,10/04/2015,960,Chrysler
Clair,23/02/2015,959,Aston Martin
Aile,22/08/2012,958,Aston Martin
Zach,08/07/2017,957,Mercedes-Benz
Winonah,12/06/2013,956,Toyota
Merridie,22/05/2013,955,Audi
Jacynth,11/10/2018,954,Volvo
Yancey,25/05/2018,953,Kia
Thain,23/09/2013,952,Pontiac
Rafaellle,08/09/2017,951,Isuzu
Andris,08/03/2018,950,Dodge
Brittne,12/02/2015,949,Bugatti
Robin,31/05/2014,948,Volkswagen
Lambert,18/05/2018,947,Chevrolet
Nevins,18/01/2017,946,Isuzu
Avery,08/06/2019,945,BMW
Margy,09/01/2014,944,Mazda
Zeke,26/08/2018,943,Subaru
Abraham,04/11/2017,942,Volvo
Marlo,30/07/2014,941,Audi
Margaretta,20/07/2016,940,Mercury
Byran,19/12/2012,939,Honda
Nanete,29/05/2017,938,BMW
Gabriele,12/05/2018,937,Chevrolet
Kip,12/02/2019,936,Cadillac
Lorne,02/03/2016,935,Chevrolet
Alexei,27/11/2013,934,MINI
Sherilyn,30/09/2018,933,Mitsubishi
Gizela,16/01/2017,932,Suzuki
Emlyn,25/10/2015,931,GMC
Sigismond,18/11/2018,930,Saturn
Felice,22/04/2013,929,BMW
Constantine,24/06/2019,928,Lotus
Aurelia,14/09/2018,927,Dodge
George,24/01/2016,926,Saab
Godiva,15/04/2015,925,Ford
Jelene,26/12/2013,924,Dodge
Maure,18/07/2013,923,Buick
Emogene,21/02/2017,922,Mazda
Pacorro,08/12/2012,921,Suzuki
Enid,26/10/2017,920,Ford
Hildy,25/06/2015,919,Pontiac
Rowe,21/02/2015,918,Volkswagen
Bamby,20/02/2018,917,Hyundai
Brandon,19/02/2018,916,Ford
Lynett,12/08/2016,915,MINI
Misha,11/08/2012,914,Acura
Elisha,02/07/2017,913,Buick
Tremaine,04/08/2018,912,Ford
Giulio,31/03/2012,911,Lexus
Mara,21/05/2012,910,Chevrolet
Eugenius,20/07/2012,909,Chevrolet
Mora,12/12/2014,908,Saturn
Nickola,18/05/2012,907,Toyota
Nancie,14/08/2017,906,Chevrolet
Austina,25/09/2012,905,Mercedes-Benz
Suki,01/04/2014,904,Chevrolet
Brant,18/01/2013,903,GMC
Rubetta,03/01/2014,902,Audi
Damon,05/02/2019,901,Hummer
Marlon,11/08/2016,900,MINI
Tanner,08/03/2019,899,Buick
Aubrey,17/10/2018,898,Isuzu
Dede,13/04/2018,897,Pontiac
Joli,15/12/2015,896,Lotus
Hastings,21/07/2016,895,Mitsubishi
Iolanthe,17/06/2016,894,Buick
Kacy,30/06/2017,893,Volkswagen
Norbert,25/12/2016,892,Porsche
Stacy,04/06/2013,891,Toyota
Sondra,20/10/2018,890,Mazda
Von,03/04/2012,889,Lexus
Salaidh,29/07/2017,888,Alfa Romeo
Maddy,09/08/2017,887,Acura
Arda,31/08/2012,886,Chrysler
Warde,01/11/2019,885,Pontiac
Saleem,30/01/2015,884,Chevrolet
Pippy,28/06/2015,883,Chevrolet
Brett,27/08/2013,882,Mitsubishi
Lou,09/08/2019,881,Saturn
Carissa,30/04/2016,880,Mercury
Devina,19/05/2012,879,Dodge
Olly,01/08/2013,878,Suzuki
Lea,16/09/2014,877,Volkswagen
Fax,24/12/2014,876,Dodge
Darby,06/12/2015,875,Nissan
Barron,07/01/2019,874,BMW
Rachele,15/10/2016,873,Lexus
Celka,20/11/2015,872,Volvo
Maureene,31/10/2016,871,Volvo
Pietrek,30/12/2012,870,Nissan
Cristionna,19/03/2013,869,Bentley
Durante,09/11/2014,868,Toyota
Kaine,30/11/2013,867,Volkswagen
Georgette,12/02/2017,866,Pontiac
Glynis,15/02/2012,865,Plymouth
Milissent,05/11/2019,864,Lexus
Borg,16/01/2015,863,Mazda
Prisca,06/09/2012,862,Honda
Miles,11/01/2012,861,Mercedes-Benz
Hayes,23/04/2012,860,Audi
Beulah,27/03/2016,859,Chevrolet
Hamil,17/03/2014,858,Volkswagen
Pepe,22/04/2013,857,Infiniti
Kyrstin,24/09/2015,856,Nissan
Gretel,10/11/2015,855,Acura
Randy,12/03/2016,854,Ford
Nollie,30/01/2013,853,Buick
Marietta,20/02/2012,852,Acura
Willy,17/02/2019,851,Acura
Allyn,02/10/2019,850,Mitsubishi
Ralph,05/06/2016,849,Acura
Pippa,20/04/2018,848,Dodge
Cory,01/09/2017,847,Hummer
Tandi,27/06/2015,846,Infiniti
Gerome,19/02/2012,845,Volvo
Rina,01/08/2013,844,Chrysler
Leanna,29/11/2018,843,Kia
Ranice,11/09/2014,842,Mazda
Armstrong,09/04/2016,841,Ford
Olag,26/06/2019,840,Ram
Yvette,28/02/2015,839,Infiniti
Paige,03/03/2012,838,Land Rover
Rabbi,18/09/2012,837,Dodge
Vergil,07/10/2012,836,Porsche
Micki,06/04/2018,835,Oldsmobile
Lorant,07/03/2018,834,GMC
Marty,22/05/2018,833,Volvo
Feliks,11/01/2017,832,Nissan
Dale,15/08/2012,831,Audi
Gilbert,04/04/2018,830,Buick
Artemus,10/09/2016,829,Mercedes-Benz
Lacey,15/09/2016,828,Mitsubishi
Wald,22/10/2018,827,Dodge
Sergei,10/04/2019,826,Toyota
Mario,04/08/2012,825,Buick
Mufi,18/04/2012,824,Lotus
Jacinthe,08/10/2017,823,Ferrari
Alecia,31/12/2018,822,Ford
Rebecka,02/11/2016,821,Ford
Carlin,25/03/2017,820,Audi
Cleon,22/02/2016,819,Subaru
Rozamond,07/08/2014,818,Plymouth
Bernie,04/04/2012,817,Toyota
Leyla,04/03/2013,816,Scion
Kevon,07/09/2019,815,Mitsubishi
Justinn,18/03/2015,814,Chevrolet
Farrell,28/12/2018,813,Subaru
Aristotle,28/06/2014,812,Volkswagen
Uriel,30/04/2019,811,Ford
Roberta,14/02/2017,810,Ford
Nessa,13/11/2017,809,Chevrolet
Simone,01/01/2015,808,GMC
Sarge,23/06/2018,807,Infiniti
Jeanna,30/03/2016,806,Volkswagen
Fionnula,18/11/2017,805,Nissan
Koral,08/08/2013,804,Mercedes-Benz
Sayres,19/10/2019,803,Chevrolet
Donalt,27/07/2016,802,Honda
Andrus,02/02/2019,801,Hummer
Galvin,06/04/2019,800,Mercedes-Benz
Tierney,27/08/2019,799,GMC
Rhetta,31/01/2012,798,Nissan
Dennet,16/01/2014,797,Hyundai
Esmaria,18/09/2017,796,Mercedes-Benz
Valerye,22/12/2019,795,Mercury
Louise,21/03/2017,794,GMC
Wally,15/09/2013,793,Chevrolet
Yank,21/02/2019,792,Toyota
Rosina,19/02/2017,791,Isuzu
Greta,03/01/2012,790,Honda
Claudia,07/03/2017,789,Dodge
Ignacio,27/09/2016,788,Isuzu
Aguste,05/08/2012,787,BMW
Audie,11/08/2013,786,Volvo
Vail,24/03/2016,785,Plymouth
Yoko,30/10/2018,784,Lotus
Horatia,16/11/2019,783,Ford
Malinda,15/05/2017,782,Jeep
Martynne,23/01/2015,781,Chevrolet
Dilly,30/04/2019,780,Volkswagen
Karney,19/02/2013,779,Mercedes-Benz
Helge,15/07/2016,778,Audi
Sauveur,23/02/2019,777,Pontiac
Syman,25/09/2016,776,Dodge
Georgeanna,06/08/2016,775,Jeep
Thaddeus,06/12/2017,774,Ford
Elga,27/10/2012,773,Pontiac
Adriena,30/09/2018,772,Lexus
Dannye,31/03/2014,771,Mazda
Merle,21/05/2019,770,Oldsmobile
Lou,07/10/2014,769,Volkswagen
Joann,11/09/2015,768,Chevrolet
Daune,26/02/2019,767,Land Rover
Miller,14/05/2016,766,BMW
Broddy,21/12/2013,765,Nissan
Jeannette,03/04/2016,764,MINI
Jamesy,22/07/2015,763,BMW
Lizette,29/07/2013,762,Volvo
Brendis,17/11/2019,761,GMC
Woody,05/09/2015,760,Land Rover
Llywellyn,17/02/2018,759,Pontiac
Cybil,02/03/2012,758,Toyota
Erin,28/07/2018,757,Toyota
Kelila,14/04/2016,756,Ford
Aloise,19/02/2017,755,Lotus
Arel,15/07/2013,754,Pontiac
Lura,26/08/2013,753,Maybach
Ashbey,30/05/2015,752,Maserati
Quinlan,21/02/2014,751,Toyota
Emmeline,10/01/2018,750,Honda
Maire,06/09/2016,749,Ford
Piotr,28/04/2015,748,Land Rover
Dorita,30/08/2014,747,MINI
Ulises,22/06/2016,746,Lincoln
Vania,10/03/2014,745,Toyota
Britni,09/03/2019,744,Honda
Park,02/12/2018,743,Chevrolet
Dominik,21/08/2015,742,Volkswagen
Ladonna,24/08/2013,741,Maybach
Esma,03/12/2018,740,Ford
Norby,10/03/2016,739,Nissan
Karel,10/01/2016,738,Infiniti
Humfrey,21/10/2014,737,Volvo
Caroljean,24/04/2016,736,Mercury
Jasmin,31/12/2016,735,GMC
Andras,01/04/2016,734,Subaru
Niccolo,13/01/2014,733,Mazda
Alexis,06/04/2019,732,Hyundai
Aristotle,12/12/2015,731,Mercedes-Benz
Sandy,26/12/2017,730,Buick
Lenci,09/11/2012,729,GMC
Gerry,23/08/2018,728,Mercury
Marylou,17/05/2016,727,Pontiac
Noreen,27/04/2014,726,Lexus
Delano,27/07/2012,725,BMW
Bayard,20/11/2012,724,Mercedes-Benz
Lorianna,12/04/2013,723,Nissan
Angelo,17/08/2015,722,Buick
Kev,08/01/2017,721,GMC
Saundra,10/04/2013,720,MINI
Ramona,09/05/2012,719,Mercedes-Benz
Tucky,11/09/2013,718,Aston Martin
Clemmy,02/06/2016,717,Mercedes-Benz
Conant,15/10/2013,716,Ford
Kendall,14/11/2014,715,Chevrolet
Aaren,28/07/2016,714,Dodge
Farra,11/01/2012,713,Land Rover
Fidela,09/07/2013,712,Maserati
Prent,06/02/2015,711,Acura
Renato,05/01/2015,710,Bentley
Allx,14/03/2012,709,Mercury
Cyrus,10/03/2016,708,GMC
Ruthann,29/09/2013,707,Ford
Ivor,20/09/2017,706,GMC
Ariana,01/04/2016,705,Suzuki
Domingo,30/09/2015,704,Mitsubishi
Michell,19/09/2013,703,Holden
Aarika,25/02/2014,702,Nissan
Thayne,29/10/2017,701,Hyundai
Powell,14/08/2012,700,Mercury
Carmen,16/08/2013,699,Toyota
Maurene,07/03/2019,698,Ford
Barbie,20/08/2018,697,Mercedes-Benz
Paco,26/03/2013,696,Hyundai
Celia,29/12/2012,695,Chevrolet
Basilius,01/11/2019,694,Tesla
Elysia,19/08/2013,693,Hyundai
Bernelle,11/09/2014,692,Ford
Hewe,08/05/2017,691,Nissan
Karly,04/09/2013,690,Pontiac
Nata,01/01/2015,689,Cadillac
Giffard,14/07/2014,688,Honda
Maureene,02/06/2017,687,Ford
Reube,20/07/2016,686,Chevrolet
Daphna,06/02/2016,685,Mercury
Gusti,17/07/2019,684,Land Rover
Electra,02/05/2016,683,Mercury
Skylar,19/05/2016,682,Audi
Gilburt,29/01/2014,681,Audi
Nerita,14/12/2013,680,Lamborghini
Cathi,29/10/2012,679,Volkswagen
Sutherlan,01/07/2018,678,Chrysler
Rutger,23/11/2013,677,Volvo
Peri,26/05/2015,676,Mazda
Adaline,18/10/2012,675,Ford
Skipp,06/04/2015,674,Ford
Hedvige,29/09/2019,673,Infiniti
Ardine,29/07/2012,672,Land Rover
Daffie,09/06/2013,671,Geo
Celestyn,19/01/2012,670,Lotus
Viki,24/09/2014,669,Geo
Britte,07/09/2016,668,Plymouth
Isidro,15/08/2016,667,Isuzu
Salmon,15/04/2019,666,Lexus
Sutton,31/12/2016,665,Pontiac
Coralyn,20/09/2015,664,Mazda
Osgood,10/03/2014,663,GMC
Trip,15/04/2017,662,Chrysler
Feodor,27/04/2018,661,Chevrolet
Micky,14/01/2019,660,Ford
Stacia,18/12/2019,659,Ford
Clevie,24/08/2012,658,Aston Martin
Norry,07/09/2017,657,Mercedes-Benz
Bathsheba,02/05/2014,656,Mazda
Loralie,31/01/2016,655,Toyota
Lauren,10/12/2018,654,Audi
Teri,22/03/2012,653,Cadillac
Antoinette,12/01/2019,652,Volvo
Roderic,22/05/2015,651,Lexus
Tim,29/04/2017,650,Hyundai
Rey,23/07/2019,649,Ford
Margarette,27/10/2015,648,Toyota
Rutger,19/07/2017,647,Chevrolet
Sansone,03/02/2015,646,Mercedes-Benz
Jess,12/04/2012,645,Buick
Chris,21/09/2018,644,Buick
Aksel,13/03/2019,643,Ford
Ricky,28/10/2017,642,Mazda
Rayshell,23/03/2015,641,Lexus
Aron,07/03/2018,640,Oldsmobile
Farra,15/05/2016,639,Toyota
Kelwin,30/03/2018,638,Oldsmobile
Linus,29/06/2018,637,Lotus
Isacco,08/08/2015,636,Isuzu
Kore,11/11/2013,635,Jeep
Kerry,02/09/2012,634,Chevrolet
Joseph,18/11/2016,633,Hyundai
Pen,12/08/2017,632,Chevrolet
Hortensia,11/06/2015,631,Buick
Tomasina,04/04/2015,630,Mercury
Jeno,19/03/2012,629,Saab
Sianna,01/05/2012,628,BMW
Bibbye,08/11/2018,627,Ford
Udell,14/12/2012,626,Land Rover
Forrester,15/07/2015,625,Volkswagen
Judy,27/03/2015,624,Bentley
Virgie,21/09/2018,623,Toyota
Rosabel,10/12/2016,622,Ford
Dehlia,20/09/2018,621,MINI
Tiertza,09/09/2017,620,GMC
Mac,07/01/2016,619,BMW
Dotty,13/04/2015,618,Toyota
Donella,07/06/2019,617,Mazda
Rudolph,04/05/2013,616,Mercedes-Benz
Monro,01/11/2013,615,Plymouth
Dolf,13/03/2015,614,Lamborghini
Leese,02/08/2018,613,Ford
Osborn,11/04/2015,612,Mitsubishi
Sonnnie,17/04/2019,611,Mercury
Truman,17/08/2019,610,Lincoln
Stephannie,23/02/2019,609,Bentley
Shelba,17/10/2017,608,Mitsubishi
Gris,12/03/2014,607,Volkswagen
Armando,02/03/2013,606,Toyota
Everett,15/07/2016,605,Ford
Washington,11/04/2019,604,Ford
Korney,26/05/2016,603,Lexus
Salome,14/01/2012,602,Pontiac
Brockie,29/08/2016,601,Mazda
Sandro,18/11/2014,600,Ford
Coleman,11/01/2019,599,Infiniti
Cinnamon,05/09/2013,598,Volkswagen
Burr,05/07/2013,597,Oldsmobile
Darcy,17/11/2018,596,Volkswagen
Teresita,05/04/2014,595,Dodge
Wandie,23/11/2017,594,Scion
Rogers,25/05/2017,593,Chevrolet
Elsey,19/05/2012,592,Volvo
Wini,09/01/2013,591,Saab
Nelia,06/10/2015,590,Ford
Spense,10/11/2013,589,Mitsubishi
Vannie,14/03/2018,588,Ford
Ray,22/04/2018,587,Toyota
Letti,01/03/2019,586,Isuzu
Gerrie,24/08/2019,585,Subaru
Gabriella,01/06/2015,584,Jaguar
Yves,19/02/2014,583,Scion
Bessie,08/04/2018,582,Porsche
Emmeline,24/08/2012,581,Kia
Birgitta,18/08/2019,580,Jeep
Raimund,20/10/2019,579,Chevrolet
Silvio,20/06/2016,578,Toyota
Lucias,13/05/2012,577,Cadillac
Isadore,30/01/2014,576,Mazda
Earlie,02/02/2012,575,Ford
Donalt,29/11/2013,574,Ford
Blanca,13/10/2015,573,Infiniti
Dylan,20/02/2014,572,BMW
Charlotta,20/02/2019,571,Audi
Sheena,08/07/2019,570,Isuzu
Fransisco,13/10/2016,569,Subaru
Aloise,20/09/2016,568,Mercedes-Benz
Brennan,26/12/2014,567,Chrysler
Polly,18/06/2018,566,Scion
Thomasina,13/11/2018,565,Volkswagen
Cariotta,08/05/2019,564,GMC
Berget,27/05/2016,563,Ford
Benedick,21/01/2014,562,Volkswagen
Clayson,11/12/2015,561,Cadillac
Coralyn,08/10/2013,560,Mercedes-Benz
Mart,23/12/2017,559,Mercury
Mervin,26/11/2014,558,Pontiac
Alicea,07/03/2019,557,Maserati
Elliot,29/07/2017,556,Chevrolet
Eugenia,12/02/2018,555,Bentley
Kaleena,07/03/2018,554,Dodge
Ham,19/07/2013,553,Saab
Hoebart,04/11/2018,552,Plymouth
Germain,20/10/2018,551,Dodge
Guido,10/04/2014,550,Mercedes-Benz
Shamus,01/02/2016,549,Chevrolet
Edd,18/05/2017,548,Mazda
Marcile,16/06/2015,547,Mitsubishi
Abram,13/12/2017,546,Chevrolet
Cathrin,08/09/2012,545,Smart
Henka,14/12/2018,544,Mercedes-Benz
Kylynn,15/01/2017,543,Ford
Corilla,19/07/2016,542,Nissan
Leoline,05/07/2018,541,Mercedes-Benz
Bax,15/09/2018,540,Infiniti
Yolande,25/05/2017,539,GMC
Moises,22/05/2019,538,Chevrolet
Cece,10/08/2018,537,Lexus
Mavis,05/04/2014,536,Chevrolet
Alissa,19/02/2018,535,Dodge
Bessie,06/04/2014,534,Ford
Valina,25/08/2019,533,Kia
Phillip,16/10/2017,532,Mercury
Ellyn,28/11/2014,531,Kia
Franni,17/12/2012,530,Buick
Kirk,12/03/2012,529,Isuzu
Felice,22/12/2015,528,Chevrolet
Viviene,06/08/2014,527,Volvo
Patrizia,16/03/2017,526,Chrysler
Melamie,27/05/2014,525,Buick
Genevra,25/07/2012,524,Chevrolet
Jobina,27/03/2019,523,Pontiac
Moss,28/10/2012,522,Chevrolet
Siward,31/12/2019,521,Ford
Rab,25/03/2018,520,Toyota
Holly,21/05/2019,519,Dodge
Dagny,05/04/2012,518,Saab
Christal,22/08/2017,517,GMC
Mellicent,25/06/2017,516,GMC
Averil,09/05/2015,515,Nissan
Annette,13/04/2012,514,Cadillac
Annamaria,07/02/2014,513,Mazda
Jacquenetta,24/10/2014,512,Ford
Rockey,23/06/2013,511,Kia
Mirabelle,19/09/2012,510,GMC
Eddie,22/08/2017,509,Dodge
Dulcy,13/11/2018,508,Honda
Lombard,15/07/2012,507,Mitsubishi
Nani,21/04/2017,506,Buick
Linea,23/12/2018,505,Spyker
Christan,24/08/2013,504,Dodge
Robbert,20/11/2016,503,Honda
Anneliese,23/10/2017,502,Ford
Ferdinand,13/10/2018,501,Toyota
Drusi,07/03/2014,500,Oldsmobile
Damita,06/05/2015,499,Kia
Opalina,11/09/2013,498,Volkswagen
Nappy,27/12/2015,497,Ford
Willa,08/06/2012,496,GMC
Johnna,30/01/2017,495,Plymouth
Almira,25/07/2012,494,Mercedes-Benz
Terri,29/07/2016,493,Volkswagen
Town,26/12/2018,492,Oldsmobile
Nikki,25/01/2012,491,Hyundai
Zonda,10/02/2015,490,Ford
Ardella,09/04/2013,489,Nissan
Allayne,13/04/2017,488,Mitsubishi
Ram,23/09/2018,487,Nissan
Martelle,08/06/2014,486,Volkswagen
Reade,23/06/2016,485,Hyundai
Marybelle,18/10/2019,484,Ford
Freemon,17/10/2013,483,Acura
Ofella,18/11/2017,482,Chrysler
Rayshell,01/08/2014,481,Mazda
Brett,23/09/2017,480,Ford
Leeanne,15/02/2012,479,Volvo
Teodorico,25/08/2012,478,Volkswagen
Matthew,24/09/2019,477,Maserati
Allie,08/11/2012,476,Chevrolet
Sandra,26/01/2012,475,Cadillac
Ethelda,13/09/2018,474,Mercury
Renaud,03/02/2015,473,Infiniti
Ginger,23/03/2012,472,Ford
Melita,15/12/2019,471,Ford
Sharyl,01/03/2012,470,Pontiac
Ogdon,28/05/2013,469,Jeep
Ardis,10/02/2013,468,Ford
Laurie,10/07/2012,467,Ford
Kippy,08/09/2018,466,Toyota
Shandeigh,14/07/2017,465,Kia
Magda,15/11/2014,464,Volkswagen
Christoper,16/06/2015,463,Chrysler
Dulcine,16/04/2012,462,Mitsubishi
Colleen,26/11/2012,461,Hillman
Dorie,09/12/2014,460,Dodge
Clair,13/04/2013,459,Jeep
Marietta,23/03/2014,458,Lincoln
Katlin,17/07/2017,457,Ford
Torrey,26/03/2015,456,Mazda
Mariam,22/01/2016,455,Infiniti
Eddy,08/09/2015,454,Buick
Neill,19/03/2015,453,Chrysler
Storm,13/10/2017,452,Mercury
Kingsly,21/04/2016,451,Ford
Cesar,05/09/2014,450,Chevrolet
Therese,17/01/2014,449,Ford
Langston,23/02/2019,448,Ford
Sissie,07/04/2015,447,Volvo
Lizabeth,11/11/2012,446,Mercury
Carmine,02/08/2019,445,Dodge
Rosaleen,11/07/2019,444,Cadillac
Wilie,28/02/2013,443,Audi
Forbes,02/11/2016,442,Buick
Drusie,25/05/2012,441,Lexus
Berni,07/10/2012,440,Mercedes-Benz
Lisette,12/07/2014,439,Ford
Sharleen,31/07/2018,438,Volkswagen
Mikaela,04/08/2013,437,Ram
Cammy,21/07/2015,436,Dodge
Seana,22/08/2016,435,Infiniti
Sascha,12/06/2018,434,Pontiac
Bride,10/07/2012,433,Dodge
Antonella,19/06/2012,432,Audi
Clayson,08/12/2017,431,Jeep
Charlotta,17/08/2018,430,Toyota
Alyda,03/07/2015,429,Jaguar
Godart,16/02/2012,428,Nissan
Torry,09/10/2018,427,Dodge
Doria,17/11/2012,426,Dodge
Ruthanne,03/06/2019,425,BMW
Wynn,28/04/2019,424,Toyota
Hamlen,04/04/2014,423,Toyota
Rockey,19/02/2012,422,Lexus
Alistair,26/09/2015,421,Mazda
Ringo,12/02/2012,420,Suzuki
Gianina,06/03/2016,419,Alfa Romeo
Darrick,25/04/2015,418,Chevrolet
Merline,18/02/2017,417,Mercedes-Benz
Nicole,16/07/2014,416,Suzuki
Dirk,21/12/2018,415,Pontiac
Bonita,15/08/2017,414,Land Rover
Denver,14/02/2017,413,Ford
Wallie,22/05/2016,412,Mazda
Beryle,14/03/2018,411,Chevrolet
Ryon,05/02/2013,410,Nissan
Micaela,05/12/2014,409,Ford
Jessey,12/04/2014,408,BMW
Kelsey,11/09/2017,407,Hyundai
Lucho,07/07/2015,406,Volkswagen
Hughie,22/02/2016,405,Mercedes-Benz
Karel,19/11/2014,404,Pontiac
Stormi,04/04/2017,403,Mazda
Eli,11/03/2016,402,Porsche
Siouxie,01/05/2012,401,Pontiac
Gertie,01/11/2013,400,Chevrolet
Stephen,13/03/2019,399,Subaru
Harry,05/08/2016,398,Pontiac
Angelo,21/11/2017,397,Mitsubishi
Cleve,27/09/2015,396,Dodge
Amberly,01/09/2017,395,GMC
Taite,04/05/2014,394,Lexus
Juliette,04/02/2015,393,Kia
Grady,12/11/2012,392,Toyota
Mylo,19/01/2014,391,Chrysler
Jeromy,28/11/2019,390,Honda
Cecil,17/06/2016,389,Porsche
Corrina,15/12/2018,388,Mitsubishi
Teodora,30/10/2013,387,Kia
Raddy,23/05/2015,386,Mercedes-Benz
Timofei,27/11/2012,385,Honda
Welby,30/07/2017,384,Mazda
Kial,20/02/2016,383,Audi
Glory,26/11/2018,382,Nissan
Wilona,19/09/2014,381,Honda
Georgi,14/09/2017,380,Nissan
Billie,18/10/2012,379,BMW
Darleen,07/01/2018,378,Ford
Isidor,06/10/2016,377,Volkswagen
Marline,27/05/2015,376,Kia
Carmencita,07/09/2015,375,Maybach
Ardith,25/01/2013,374,Mercedes-Benz
Hayyim,17/10/2017,373,Chrysler
Alejandrina,26/12/2014,372,Toyota
Wolfgang,03/10/2018,371,Isuzu
Melodie,13/09/2018,370,Infiniti
Ambrosio,17/03/2017,369,Scion
Hildegaard,15/06/2016,368,Volkswagen
Lindie,06/08/2014,367,Kia
Gisella,05/07/2017,366,Hillman
Shirlee,27/11/2015,365,Mazda
Gifford,05/09/2017,364,Lincoln
Bunnie,01/04/2016,363,Maybach
Anna,26/04/2012,362,Chevrolet
Tori,27/06/2016,361,Acura
Mirabel,05/10/2019,360,Volkswagen
Tedda,07/01/2014,359,Oldsmobile
Woodman,10/05/2014,358,Nissan
Arda,19/06/2018,357,Mitsubishi
Penni,18/11/2012,356,Ford
Raimundo,22/05/2012,355,Bentley
Claribel,21/02/2015,354,Mercury
Brien,17/11/2019,353,Suzuki
Binny,27/11/2014,352,Volkswagen
Lilah,29/06/2013,351,GMC
Manny,12/10/2013,350,Buick
Milli,31/08/2014,349,Scion
Arlen,19/01/2013,348,Dodge
Lucy,18/09/2019,347,Ford
Tab,20/08/2015,346,Ford
Haroun,25/01/2018,345,Hyundai
Brantley,11/10/2016,344,Mazda
Bobbette,30/07/2017,343,GMC
Marietta,13/06/2012,342,Mazda
Yvor,22/01/2017,341,Subaru
Gaelan,02/03/2013,340,Mitsubishi
Stormie,12/04/2013,339,Land Rover
Trevor,30/04/2012,338,Pontiac
Ella,25/04/2015,337,Audi
Dore,29/12/2013,336,Saab
Auberta,19/06/2012,335,Mitsubishi
Lilli,21/03/2018,334,Mercedes-Benz
Amberly,06/07/2013,333,Honda
Jsandye,13/08/2016,332,Ford
Jelene,04/01/2017,331,Hyundai
Robinet,08/03/2016,330,Dodge
Orelie,16/05/2012,329,Mitsubishi
Minetta,12/11/2013,328,Jaguar
Karlee,24/08/2014,327,Dodge
Tawnya,18/05/2016,326,Lexus
Renata,22/08/2019,325,Chevrolet
Bernelle,14/08/2017,324,Ford
Norbert,22/05/2019,323,Toyota
Evangeline,27/07/2015,322,Honda
Rockie,19/07/2018,321,Dodge
Gert,24/03/2018,320,Oldsmobile
Analise,07/06/2019,319,Chevrolet
Brendin,25/03/2016,318,Toyota
Chicky,30/11/2012,317,Audi
Lock,05/08/2014,316,Volkswagen
Elita,15/02/2018,315,Ford
Akim,10/08/2019,314,Dodge
Delbert,06/12/2015,313,Subaru
Arline,25/02/2017,312,Toyota
Tadeas,21/11/2015,311,Mercedes-Benz
Lilah,26/05/2013,310,Volvo
Lyndel,09/07/2018,309,Mercedes-Benz
Sheridan,02/06/2013,308,Ford
Damian,05/11/2013,307,Toyota
Jordain,20/04/2015,306,Toyota
Danya,13/10/2012,305,Toyota
Shandeigh,01/02/2012,304,Infiniti
Ardith,13/07/2017,303,Nissan
Lisabeth,23/07/2015,302,Lotus
Dorothea,14/07/2014,301,Acura
Kaine,28/07/2012,300,Ford
Alejandrina,31/10/2012,299,Toyota
Shauna,13/07/2013,298,Nissan
Rudolfo,09/09/2018,297,GMC
Wenonah,27/11/2018,296,Toyota
Randee,18/10/2016,295,Ford
Field,09/01/2018,294,Mitsubishi
Eduard,23/02/2015,293,Audi
Maris,21/12/2015,292,Porsche
Milka,23/03/2013,291,Mercury
Lian,23/01/2019,290,Dodge
Pen,13/07/2019,289,Ford
Sissy,17/01/2012,288,GMC
Linda,21/05/2013,287,Lamborghini
Spenser,16/01/2019,286,Lexus
Vinnie,09/02/2018,285,Volvo
Aile,22/09/2019,284,Acura
Mirabella,12/11/2017,283,GMC
Mikel,14/10/2013,282,Hyundai
Ida,03/02/2017,281,Nissan
Tatiana,10/02/2017,280,Cadillac
Arnoldo,26/09/2013,279,Volkswagen
Fara,27/09/2013,278,Mercury
Valery,12/09/2014,277,Mercedes-Benz
Joice,12/09/2017,276,Rolls-Royce
Georgetta,27/11/2016,275,Lotus
Hiram,26/02/2019,274,Toyota
Meara,17/03/2013,273,Chevrolet
Fairlie,04/12/2017,272,Mazda
Halley,12/01/2018,271,Nissan
Berry,14/10/2014,270,Volkswagen
Brion,15/12/2013,269,Volvo
Aron,11/07/2012,268,Chevrolet
Trish,20/05/2019,267,Porsche
Dalli,24/09/2013,266,Acura
Zenia,09/02/2018,265,Porsche
Ada,17/01/2014,264,Volkswagen
Zane,16/02/2018,263,Plymouth
Debbi,18/04/2017,262,Bentley
Carny,07/08/2016,261,GMC
Rosana,03/01/2012,260,Suzuki
Florance,03/10/2015,259,Chevrolet
Haydon,02/04/2012,258,Subaru
Dale,04/01/2013,257,BMW
Roley,26/02/2014,256,Saturn
Lorie,29/09/2013,255,Hyundai
Pauli,08/11/2017,254,Honda
Carmela,14/07/2019,253,Mercedes-Benz
Beret,15/02/2013,252,Chevrolet
Danya,24/09/2014,251,Honda
Elenore,01/04/2015,250,Lexus
Tailor,19/10/2018,249,Acura
Agace,28/12/2016,248,Plymouth
Ulberto,22/02/2014,247,Cadillac
Dorothea,15/07/2019,246,Volvo
Netti,23/06/2015,245,Lexus
Cicely,10/12/2014,244,Ford
Carina,30/07/2019,243,Mercedes-Benz
Martica,12/10/2019,242,Mercedes-Benz
Lynde,16/08/2018,241,Hyundai
Caddric,07/08/2012,240,Dodge
Gleda,07/08/2019,239,Bentley
Darrin,30/04/2018,238,BMW
Kennedy,05/11/2014,237,Ford
Martin,24/02/2019,236,Mitsubishi
Lynna,24/09/2016,235,Buick
Elias,14/11/2013,234,Mitsubishi
Kerwinn,16/10/2012,233,Mitsubishi
Prissie,03/12/2014,232,Oldsmobile
Clareta,11/07/2016,231,Dodge
Jolene,06/02/2015,230,Suzuki
Orsa,20/07/2014,229,Suzuki
Franni,16/03/2013,228,Mazda
Tucker,30/03/2019,227,Dodge
Nissa,02/09/2018,226,Toyota
Kristal,18/10/2012,225,GMC
Nikoletta,22/01/2015,224,Ford
Jecho,27/05/2013,223,Chevrolet
Barbee,04/12/2019,222,Saab
Dougie,12/10/2019,221,Lexus
William,13/01/2018,220,Kia
Quintus,08/07/2016,219,GMC
Elnar,22/12/2017,218,BMW
Jenn,24/01/2013,217,Chrysler
Nappie,10/08/2015,216,Chevrolet
Delphinia,21/07/2012,215,Volkswagen
Arden,20/06/2017,214,BMW
Annemarie,08/03/2018,213,Saab
Gabey,23/12/2019,212,Buick
Tiertza,27/02/2017,211,Suzuki
Di,19/02/2013,210,GMC
Henri,18/05/2012,209,CitroÃ«n
Gayel,06/06/2014,208,Maybach
Vinni,12/05/2017,207,Maybach
Marisa,22/01/2019,206,Toyota
Dixie,11/01/2013,205,Audi
Ade,12/09/2019,204,Ford
Candice,23/01/2018,203,Nissan
Bevvy,02/11/2014,202,Mercedes-Benz
Chris,06/11/2016,201,Pontiac
Felice,10/02/2012,200,Mercury
Fons,03/02/2017,199,Buick
Gloria,15/06/2012,198,Ford
Camel,12/01/2013,197,Suzuki
Margot,19/02/2015,196,Ford
Lela,10/12/2019,195,Cadillac
Ianthe,24/09/2019,194,Oldsmobile
Maura,08/11/2018,193,Ram
Derrek,30/01/2012,192,Plymouth
Adamo,26/01/2015,191,Acura
Danyelle,25/02/2015,190,Honda
Evvy,28/10/2017,189,Ford
Hillary,12/12/2015,188,GMC
Granger,28/01/2018,187,Mazda
Nanice,07/09/2015,186,Pontiac
Danica,23/02/2012,185,Oldsmobile
Josi,03/02/2018,184,Chrysler
Claire,10/07/2014,183,Lamborghini
Liesa,21/08/2017,182,Ford
Sonny,08/05/2019,181,Ford
Ardys,05/07/2016,180,Ford
Raffaello,05/07/2017,179,Chrysler
Tildy,28/10/2014,178,Cadillac
Moore,16/09/2013,177,Pontiac
Joey,09/10/2012,176,GMC
Paulita,20/07/2016,175,Chevrolet
Bettine,02/05/2018,174,Oldsmobile
Bobbi,14/06/2016,173,Saab
Gabriel,11/11/2012,172,Jeep
Bert,06/09/2016,171,Toyota
Mirelle,17/01/2019,170,Buick
Glenna,02/11/2019,169,Dodge
Remington,08/10/2018,168,Audi
Hermia,19/06/2016,167,Mercedes-Benz
Kassandra,10/10/2013,166,Mercedes-Benz
Jolie,17/10/2019,165,Subaru
Barney,03/12/2017,164,Audi
Olivie,05/01/2017,163,Mercedes-Benz
Baxter,12/03/2016,162,GMC
Halsey,06/07/2017,161,Chevrolet
Charlotta,01/05/2019,160,Chevrolet
Clerc,13/10/2017,159,Jeep
Alys,20/05/2015,158,Chrysler
Rupert,16/07/2015,157,Audi
Merle,06/02/2012,156,Suzuki
Wernher,28/09/2017,155,Chevrolet
Baudoin,04/04/2015,154,Ford
Ric,24/10/2016,153,Dodge
Tito,04/01/2012,152,Lexus
Josiah,04/04/2018,151,Pontiac
Bear,13/05/2019,150,BMW
Willi,17/04/2017,149,Mercedes-Benz
Bette-ann,26/08/2018,148,Mazda
Brien,29/08/2015,147,GMC
Hillary,29/11/2013,146,Mitsubishi
Elnora,02/03/2014,145,Dodge
Deloris,07/01/2019,144,Mitsubishi
Tabbie,30/07/2016,143,Pontiac
Gil,15/04/2012,142,Aston Martin
Atlante,25/07/2014,141,Mitsubishi
Mable,08/11/2012,140,Hyundai
Graehme,22/04/2015,139,Ford
Nathalia,22/06/2017,138,GMC
Alwyn,02/01/2015,137,Audi
Letta,28/03/2015,136,Chevrolet
Rufe,17/08/2019,135,GMC
Ellynn,06/05/2017,134,Dodge
Merissa,13/09/2015,133,Buick
Moira,27/01/2014,132,Porsche
Micky,16/12/2012,131,Mercedes-Benz
Garvy,30/12/2018,130,Dodge
Wit,02/02/2015,129,Toyota
Bradford,07/10/2014,128,Lexus
Courtney,03/02/2015,127,Mercedes-Benz
Francklin,13/11/2014,126,Oldsmobile
Cynthia,01/04/2012,125,GMC
Kimmy,19/04/2014,124,Ford
Jillane,22/08/2018,123,Chevrolet
Gal,22/11/2016,122,Hyundai
Isidore,06/06/2014,121,Toyota
Gary,21/08/2019,120,Land Rover
Corella,20/02/2016,119,Porsche
Barbi,14/04/2019,118,Land Rover
Addy,30/12/2018,117,Land Rover
Emlyn,06/03/2014,116,Porsche
Dalenna,18/06/2012,115,Porsche
Ede,14/04/2015,114,Land Rover
Loralie,18/10/2017,113,Toyota
Gregg,24/06/2015,112,Toyota
Carry,09/03/2013,111,Audi
Dynah,10/07/2018,110,Mazda
Gerick,20/11/2014,109,Aston Martin
Liam,22/03/2017,108,Buick
Georgine,23/10/2017,107,Mercedes-Benz
Dallis,17/10/2014,106,Honda
Feliks,31/07/2015,105,Acura
Elaine,23/01/2013,104,Volkswagen
Kristyn,27/02/2014,103,GMC
Graig,13/04/2015,102,Mercury
Merry,08/07/2015,101,Mitsubishi
Pauly,20/06/2012,100,Chevrolet
Chelsey,07/10/2018,99,Isuzu
Marie,29/10/2017,98,Suzuki
Ofelia,26/05/2018,97,Subaru
Denise,19/05/2018,96,Suzuki
Maurie,03/12/2019,95,Mazda
Corbin,01/12/2019,94,Hummer
Lisle,30/05/2016,93,Ford
Alexandros,05/09/2018,92,Hyundai
Sibley,07/08/2016,91,Toyota
Jervis,21/12/2016,90,Dodge
Amanda,09/12/2013,89,Chevrolet
Mirilla,07/11/2019,88,Lexus
Marlena,04/05/2019,87,Isuzu
Beryle,24/10/2016,86,Lexus
Wilhelmine,31/08/2016,85,Chevrolet
Finley,19/12/2017,84,Pontiac
Fernando,07/06/2017,83,Lexus
Nikos,17/06/2018,82,Chrysler
Oran,26/06/2015,81,Audi
Winny,22/07/2017,80,Acura
Heinrik,02/10/2015,79,Mazda
Otto,21/11/2017,78,Volvo
Rubetta,15/05/2013,77,Pontiac
Berti,26/04/2017,76,Pontiac
Adriana,05/09/2013,75,Lexus
Waly,30/08/2016,74,Audi
Guinevere,31/07/2019,73,GMC
Cathleen,11/04/2013,72,Ford
Reg,05/06/2017,71,Chrysler
Kay,31/03/2015,70,Kia
Loise,09/11/2019,69,GMC
Vita,01/01/2016,68,Dodge
Wheeler,06/09/2017,67,Dodge
Jelene,08/02/2018,66,Lexus
Madeleine,08/08/2012,65,Ford
Nat,19/09/2015,64,Dodge
Huntley,30/08/2015,63,Mazda
Fanchon,16/08/2019,62,Audi
Wallis,10/01/2014,61,Mercedes-Benz
Irita,08/03/2015,60,Mercedes-Benz
Lucian,25/04/2019,59,BMW
Reynard,16/08/2015,58,Volkswagen
Siobhan,12/10/2013,57,Lincoln
Angeli,03/01/2013,56,Ford
Dian,08/09/2016,55,GMC
Cherice,20/06/2016,54,Honda
Jarrad,21/10/2016,53,Chevrolet
Rolf,03/09/2017,52,Nissan
Hashim,02/08/2017,51,Ford
Cheri,31/01/2018,50,Nissan
Towny,26/03/2017,49,Kia
Vinita,12/09/2016,48,Suzuki
Tiffani,15/06/2014,47,Chevrolet
Wain,18/12/2014,46,Pontiac
Rosmunda,23/07/2013,45,Saturn
Marion,16/07/2016,44,Acura
Royall,30/04/2012,43,Toyota
Amelita,10/09/2014,42,Infiniti
Archy,04/01/2013,41,Infiniti
Allx,23/03/2016,40,Porsche
Jojo,11/04/2017,39,Mercedes-Benz
Howard,14/11/2018,38,Ford
Amalie,25/05/2012,37,Aston Martin
Perkin,11/06/2012,36,BMW
Clari,02/04/2018,35,Dodge
Glenn,15/05/2012,34,Cadillac
Margret,20/09/2017,33,Ferrari
Lazare,26/10/2019,32,Lotus
Patty,15/09/2012,31,Ford
Carmelia,29/09/2018,30,Ford
Celestine,17/04/2014,29,Mercury
Julie,28/03/2012,28,Pontiac
Beryl,26/12/2016,27,Pontiac
Bebe,06/06/2015,26,GMC
Shirl,20/10/2015,25,Chevrolet
Finley,14/08/2017,24,Suzuki
Rheba,12/02/2017,23,Chevrolet
Woodman,12/11/2015,22,Volvo
Caterina,05/01/2016,21,Volkswagen
Daron,16/09/2019,20,GMC
Webb,07/11/2012,19,Jeep
Alvina,14/11/2018,18,Mercedes-Benz
Christa,20/12/2018,17,Nissan
Farr,09/06/2018,16,Lincoln
Hamilton,24/08/2014,15,Saturn
Kipper,06/12/2014,14,Infiniti
Maribeth,20/06/2014,13,Mercedes-Benz
Manuel,10/08/2018,12,Chevrolet
Lauralee,02/11/2016,11,Nissan
Bernadine,28/01/2015,10,Chrysler
Agretha,25/08/2012,9,Mercury
Hank,13/04/2016,8,Hyundai
Philbert,31/05/2016,7,Lincoln
Timothy,27/08/2013,6,Nissan
Brander,08/01/2019,5,Chevrolet
Theressa,17/10/2012,4,GMC
Cecilio,12/05/2016,3,Volvo
Hans,25/04/2014,2,Ford
Alvira,24/01/2018,1,Hummer
Morgan,25/03/2019,0,Ford
