1,Laurena,2019/04/23,Violet
2,Madeline,2018/10/23,Pink
3,Nancie,2018/09/11,Pink
4,Graehme,2019/08/06,Maroon
5,Nikolas,2019/03/28,Purple
6,Abdul,2019/03/03,Green
7,Korry,2019/03/09,Yellow
8,Stavro,2019/05/11,Teal
9,Muire,2018/09/20,Aquamarine
10,Whittaker,2018/10/02,Mauv
11,Alex,2019/01/13,Yellow
12,Kennith,2018/12/26,Green
13,Ethe,2019/03/15,Teal
14,Edin,2018/10/16,Goldenrod
15,Merell,2018/11/11,Mauv
16,Marty,2019/03/29,Orange
17,Averil,2018/12/26,Green
18,Breena,2019/01/10,Puce
19,Demetre,2019/01/11,Khaki
20,Andros,2019/05/03,Blue
21,Stace,2018/10/08,Fuscia
22,Ardelle,2018/11/24,Green
23,Ethelred,2019/07/02,Puce
24,Kaspar,2019/05/03,Khaki
25,Zorana,2019/08/28,Purple
26,Aaron,2019/05/09,Crimson
27,Stewart,2018/11/13,Pink
28,Sawyere,2018/10/09,Goldenrod
29,Sinclare,2018/12/03,Red
30,Tessy,2019/05/17,Orange
31,Alameda,2018/10/13,Red
32,Morgan,2018/10/04,Turquoise
33,Frayda,2019/01/19,Red
34,Nefen,2019/08/02,Pink
35,Collie,2019/03/25,Maroon
36,Blake,2019/04/11,Puce
37,Happy,2018/11/30,Mauv
38,Webb,2018/11/02,Indigo
39,Daniella,2018/10/12,Fuscia
40,Ole,2019/08/16,Mauv
41,Currie,2019/05/08,Pink
42,Odele,2019/08/31,Yellow
43,Frances,2018/10/09,Blue
44,Moss,2019/03/06,Goldenrod
45,Shani,2019/04/23,Turquoise
46,Leora,2019/06/18,Teal
47,Amalia,2019/07/04,Violet
48,Melisent,2018/11/20,Pink
49,Cory,2019/05/12,Pink
50,Granny,2019/07/12,Crimson
51,Roderigo,2019/05/01,Turquoise
52,Ring,2019/05/20,Yellow
53,Caitrin,2019/04/10,Pink
54,Yorgo,2018/09/14,Pink
55,Lidia,2019/03/13,Yellow
56,Margit,2018/12/23,Crimson
57,Sly,2018/09/27,Indigo
58,Gabrielle,2019/02/02,Teal
59,Cinderella,2019/02/18,Yellow
60,Jeri,2019/01/12,Crimson
61,Irene,2019/07/14,Mauv
62,Carlos,2019/05/20,Maroon
63,Claudell,2018/10/15,Maroon
64,Erena,2018/12/15,Teal
65,Jessey,2019/04/27,Goldenrod
66,Kylila,2019/04/27,Blue
67,Cornie,2019/06/20,Puce
68,Brocky,2019/05/01,Puce
69,Sherrie,2018/12/05,Goldenrod
70,Gina,2019/02/07,Aquamarine
71,Missie,2018/11/29,Mauv
72,Margie,2019/06/30,Turquoise
73,Rolph,2019/01/27,Indigo
74,Flemming,2019/04/27,Red
75,Gerri,2018/11/22,Turquoise
76,Willdon,2018/11/16,Maroon
77,Hollyanne,2019/08/10,Orange
78,Roarke,2018/12/29,Teal
79,Torrance,2018/11/27,Red
80,Knox,2019/02/12,Blue
81,Zsazsa,2019/08/13,Khaki
82,Bel,2019/05/29,Indigo
83,Hewie,2018/12/23,Maroon
84,Melvin,2019/01/17,Pink
85,Anna-diana,2018/12/29,Puce
86,Blaine,2019/07/19,Puce
87,Alley,2018/12/10,Pink
88,Mallorie,2019/09/01,Turquoise
89,Giles,2019/08/14,Teal
90,Nev,2019/04/05,Orange
91,Ali,2019/01/03,Indigo
92,Lishe,2018/12/11,Turquoise
93,Trude,2019/05/14,Maroon
94,Jorie,2019/06/10,Orange
95,Elfie,2018/11/28,Purple
96,Yance,2019/04/13,Red
97,Taffy,2018/10/21,Blue
98,Katee,2019/09/02,Puce
99,Mandel,2019/08/18,Khaki
100,Matti,2019/07/19,Orange
101,Halimeda,2019/05/31,Teal
102,Revkah,2019/06/15,Mauv
103,Cchaddie,2019/08/18,Red
104,Janek,2019/03/22,Maroon
105,Deedee,2019/05/08,Orange
106,Morna,2019/05/03,Goldenrod
107,Harmon,2019/04/19,Violet
108,Audrye,2019/02/17,Mauv
109,Hilde,2019/07/25,Aquamarine
110,Nelie,2019/05/14,Purple
111,Harriet,2019/02/04,Pink
112,Francene,2018/09/11,Violet
113,Aretha,2019/08/24,Khaki
114,Mattie,2018/12/21,Purple
115,Pietrek,2019/03/22,Green
116,Sergeant,2019/07/27,Orange
117,Leila,2019/07/11,Mauv
118,Tonnie,2019/07/04,Green
119,Gisela,2019/01/06,Maroon
120,Friedrick,2018/11/09,Maroon
121,Gabey,2019/02/14,Turquoise
122,Alick,2019/09/05,Yellow
123,Sile,2019/08/11,Green
124,Hayley,2019/07/31,Crimson
125,Alfonso,2018/09/11,Puce
126,Orazio,2019/01/23,Indigo
127,Michele,2019/07/19,Green
128,Randell,2018/11/12,Aquamarine
129,Cathi,2019/06/20,Maroon
130,Flem,2018/12/02,Orange
131,Ruggiero,2019/04/08,Puce
132,Alfredo,2019/07/18,Orange
133,Wilfred,2018/10/05,Turquoise
134,Berte,2018/12/25,Goldenrod
135,Berkie,2019/04/11,Yellow
136,Roda,2019/02/13,Teal
137,Berri,2019/01/14,Maroon
138,Ken,2018/10/14,Pink
139,Melinda,2018/12/24,Orange
140,Lexy,2019/04/05,Goldenrod
141,Esmaria,2018/11/26,Orange
142,Fiona,2018/11/21,Goldenrod
143,Anatola,2019/03/25,Yellow
144,Adrian,2019/08/30,Fuscia
145,Darci,2019/04/11,Aquamarine
146,Fidole,2018/12/17,Indigo
147,Cheryl,2019/03/26,Orange
148,Lewiss,2019/01/10,Maroon
149,Demetria,2019/05/19,Purple
150,Kesley,2018/12/18,Indigo
151,Pooh,2019/03/26,Puce
152,Arlene,2019/05/11,Violet
153,Holmes,2019/08/11,Indigo
154,Tiertza,2019/01/11,Crimson
155,Cassi,2019/01/02,Khaki
156,Tracie,2019/04/23,Blue
157,Osbert,2019/08/13,Purple
158,Ibby,2019/08/05,Aquamarine
159,Abby,2019/06/23,Orange
160,Dianemarie,2018/10/16,Khaki
161,Shepard,2018/10/16,Yellow
162,Misha,2018/10/08,Khaki
163,Harlene,2019/03/23,Indigo
164,Simonne,2019/04/23,Aquamarine
165,Paulo,2019/04/01,Maroon
166,Dido,2019/03/28,Mauv
167,Brigham,2019/08/17,Teal
168,Nikolai,2019/06/16,Khaki
169,Aurora,2018/10/03,Khaki
170,Shirl,2018/10/20,Mauv
171,Bryant,2019/06/12,Khaki
172,Conni,2019/06/09,Maroon
173,Hy,2019/07/09,Blue
174,Ravi,2019/04/15,Purple
175,Nertie,2019/07/05,Goldenrod
176,Theo,2019/01/22,Pink
177,Juana,2018/09/25,Purple
178,Fredrika,2018/09/24,Maroon
179,Nissie,2019/03/14,Fuscia
180,Marysa,2019/05/28,Crimson
181,Lin,2019/09/06,Maroon
182,Skipton,2018/11/12,Mauv
183,Roanne,2018/12/10,Maroon
184,Gerry,2019/04/11,Teal
185,Gino,2019/05/05,Turquoise
186,Leese,2019/02/10,Goldenrod
187,Guthrie,2018/10/16,Orange
188,Stephine,2019/02/23,Maroon
189,Van,2018/09/22,Mauv
190,Reiko,2019/06/02,Turquoise
191,Meggie,2019/03/07,Mauv
192,Rickey,2018/10/28,Violet
193,Olympie,2018/12/28,Puce
194,Kayley,2018/10/10,Red
195,Athena,2018/12/16,Crimson
196,Barri,2019/08/31,Red
197,Earlie,2019/03/07,Teal
198,Craggy,2019/05/04,Turquoise
199,Fields,2018/12/19,Khaki
200,Jessica,2019/06/01,Khaki
201,Niki,2019/06/05,Crimson
202,Humbert,2019/01/24,Khaki
203,Marilin,2019/07/31,Yellow
204,Deedee,2019/02/27,Violet
205,Annnora,2019/02/05,Khaki
206,Gavan,2018/10/05,Violet
207,Lisetta,2018/09/17,Aquamarine
208,Kristien,2018/11/09,Orange
209,Nickola,2019/05/25,Orange
210,Davine,2019/07/18,Goldenrod
211,Daile,2019/08/02,Violet
212,Terri-jo,2019/04/07,Red
213,Shurlocke,2019/04/11,Indigo
214,Karrie,2019/06/23,Indigo
215,Merilee,2019/06/24,Teal
216,Morgan,2019/03/01,Orange
217,Dominic,2018/09/30,Turquoise
218,Eulalie,2019/06/20,Indigo
219,Lewes,2019/01/05,Mauv
220,Yardley,2019/08/24,Yellow
221,Monroe,2019/03/13,Goldenrod
222,Leroi,2019/07/06,Crimson
223,Timothea,2019/04/29,Violet
224,Zach,2018/12/26,Mauv
225,Blondy,2018/10/06,Indigo
226,Marge,2018/11/07,Violet
227,Gasparo,2018/11/29,Turquoise
228,Barnaby,2019/02/11,Blue
229,Giovanna,2019/02/01,Mauv
230,Rosa,2019/02/06,Red
231,Verge,2019/04/17,Goldenrod
232,Odele,2018/12/18,Khaki
233,West,2019/08/06,Puce
234,Mallorie,2019/03/17,Pink
235,Jemie,2019/05/22,Violet
236,Prisca,2019/04/27,Turquoise
237,Drusilla,2019/09/04,Aquamarine
238,Chelsie,2019/06/01,Goldenrod
239,Mattie,2018/11/12,Violet
240,Micky,2019/05/05,Blue
241,Kiley,2018/09/24,Crimson
242,Meggi,2018/11/01,Khaki
243,Jada,2019/02/15,Yellow
244,Nan,2018/12/23,Mauv
245,Alys,2019/06/25,Teal
246,Rita,2018/10/06,Red
247,Cece,2019/06/06,Mauv
248,Casper,2019/06/09,Mauv
249,Anabelle,2019/05/04,Orange
250,Leia,2019/03/24,Turquoise
251,Noni,2019/09/03,Violet
252,Sherlocke,2019/01/20,Goldenrod
253,Aldus,2019/03/26,Violet
254,Cassy,2019/03/10,Yellow
255,Winnah,2019/06/13,Yellow
256,Leah,2019/01/31,Puce
257,Benedicto,2019/03/29,Puce
258,Ahmed,2018/09/18,Aquamarine
259,Artus,2019/06/13,Indigo
260,Hilliard,2018/11/18,Khaki
261,Lee,2018/12/06,Violet
262,Diahann,2019/09/04,Mauv
263,Florri,2018/12/19,Goldenrod
264,Huey,2019/04/02,Mauv
265,Kaitlin,2019/02/01,Khaki
266,Janie,2019/03/06,Violet
267,Sawyer,2019/02/10,Pink
268,Ibrahim,2018/11/22,Goldenrod
269,Blakelee,2019/09/07,Green
270,Wait,2019/06/16,Violet
271,Mavis,2019/02/03,Mauv
272,Norbie,2018/10/24,Purple
273,Rowe,2018/12/11,Red
274,Irving,2019/01/12,Mauv
275,Joellyn,2018/11/22,Fuscia
276,Audry,2018/10/26,Maroon
277,Maris,2019/05/22,Mauv
278,Emlynn,2019/09/04,Red
279,Kristofor,2018/12/15,Indigo
280,Damita,2019/01/08,Puce
281,Early,2018/10/18,Goldenrod
282,Rodger,2019/05/27,Turquoise
283,Celeste,2019/03/28,Orange
284,Ashil,2019/02/02,Maroon
285,Giraldo,2019/03/10,Goldenrod
286,Carline,2019/03/11,Indigo
287,Rubi,2019/08/25,Maroon
288,Chet,2019/05/31,Turquoise
289,Cristina,2019/05/25,Maroon
290,Skylar,2019/02/06,Green
291,Esmeralda,2019/04/14,Red
292,Elyssa,2018/12/18,Aquamarine
293,Adriane,2019/08/04,Mauv
294,Mildrid,2019/08/30,Blue
295,Wilmar,2018/12/03,Fuscia
296,Anna-diana,2019/08/29,Goldenrod
297,Albertina,2019/04/14,Khaki
298,Leodora,2018/10/27,Violet
299,Alasteir,2018/12/29,Indigo
300,Inigo,2019/01/19,Indigo
301,Westleigh,2019/06/02,Indigo
302,Alva,2019/08/07,Goldenrod
303,Annmaria,2019/09/06,Fuscia
304,Nanny,2018/11/19,Khaki
305,Kylen,2018/09/17,Maroon
306,Mohammed,2019/07/09,Fuscia
307,Bren,2018/11/12,Red
308,Demetre,2019/07/19,Red
309,Zabrina,2019/03/27,Blue
310,Alanah,2019/05/20,Indigo
311,Teodor,2019/04/04,Blue
312,Kerrill,2018/12/20,Orange
313,Devonne,2019/06/10,Aquamarine
314,Talbot,2018/10/31,Fuscia
315,Melantha,2019/03/31,Orange
316,Junette,2019/02/24,Purple
317,Codie,2018/10/15,Yellow
318,Efren,2019/04/07,Mauv
319,Georgeta,2018/10/28,Yellow
320,Zebulen,2019/06/04,Fuscia
321,Julietta,2019/08/23,Khaki
322,Ellswerth,2019/07/19,Mauv
323,Eleanora,2018/10/17,Fuscia
324,Clarine,2019/05/06,Crimson
325,Shayne,2018/10/13,Yellow
326,Bebe,2019/05/18,Fuscia
327,Blair,2019/08/12,Aquamarine
328,Kelcey,2019/08/03,Turquoise
329,Evelina,2019/07/24,Yellow
330,Paul,2018/12/26,Red
331,Brit,2019/07/09,Yellow
332,Lindie,2019/04/23,Pink
333,Kyle,2018/12/17,Blue
334,Nelli,2018/09/17,Blue
335,Fonz,2019/02/13,Aquamarine
336,Georgeanna,2018/11/29,Blue
337,Aaron,2018/09/13,Purple
338,Felicio,2019/03/05,Turquoise
339,Lucien,2018/10/17,Goldenrod
340,Ezekiel,2018/09/11,Orange
341,Ethelind,2019/02/12,Blue
342,Deny,2019/07/05,Violet
343,Darrick,2019/08/09,Teal
344,Mora,2018/10/14,Orange
345,Elane,2019/02/16,Blue
346,Benjie,2019/06/19,Aquamarine
347,Michal,2019/09/08,Mauv
348,Teodor,2019/05/20,Fuscia
349,Anya,2019/08/12,Turquoise
350,Gweneth,2019/07/24,Goldenrod
351,Tobin,2019/03/30,Aquamarine
352,Justus,2018/10/01,Fuscia
353,Hilde,2018/09/27,Mauv
354,Ludovico,2019/08/30,Goldenrod
355,Jodie,2019/08/23,Puce
356,Andre,2019/05/03,Teal
357,Gibby,2018/10/25,Yellow
358,Joeann,2018/11/23,Crimson
359,Aileen,2019/05/09,Indigo
360,Kalli,2018/11/24,Pink
361,Vivyanne,2019/01/20,Orange
362,Ford,2018/09/13,Teal
363,Darelle,2018/09/25,Maroon
364,Leah,2019/03/25,Purple
365,Issi,2019/07/30,Yellow
366,Carlie,2018/11/26,Red
367,Ber,2019/07/05,Violet
368,Nappie,2019/05/27,Green
369,Leoline,2019/03/16,Blue
370,Keenan,2018/10/24,Maroon
371,Gris,2019/01/31,Indigo
372,Melissa,2018/11/30,Blue
373,Glyn,2019/02/17,Orange
374,Olive,2019/03/01,Green
375,Andra,2019/07/24,Crimson
376,Stephenie,2018/11/08,Pink
377,Avril,2018/12/07,Mauv
378,Laureen,2019/05/23,Green
379,Marcelline,2019/07/14,Red
380,Arch,2019/01/09,Red
381,Matias,2018/12/09,Blue
382,Errol,2019/03/22,Pink
383,Delmore,2019/01/29,Fuscia
384,Tana,2019/06/11,Teal
385,Noll,2018/11/02,Green
386,Kanya,2019/07/26,Violet
387,Dollie,2019/07/29,Blue
388,Elwyn,2019/08/20,Fuscia
389,Harbert,2019/04/29,Yellow
390,Cyndie,2018/09/18,Crimson
391,Sawyere,2019/02/17,Khaki
392,Mercedes,2018/10/09,Puce
393,Garland,2018/12/01,Red
394,Meredith,2019/02/22,Mauv
395,Darla,2018/10/27,Crimson
396,Nicky,2019/08/25,Blue
397,Dara,2019/04/12,Orange
398,Mead,2019/09/04,Fuscia
399,Matthieu,2019/04/09,Green
400,Allissa,2019/01/07,Violet
401,Nicky,2019/06/19,Yellow
402,Garrott,2018/11/07,Teal
403,Vilhelmina,2019/02/17,Yellow
404,Maureene,2019/08/26,Fuscia
405,Tulley,2019/09/02,Pink
406,Merl,2019/09/10,Pink
407,Marlin,2019/07/08,Mauv
408,Bambi,2019/09/08,Blue
409,Whitaker,2019/05/09,Fuscia
410,Albertina,2019/08/12,Green
411,Correy,2018/10/26,Puce
412,Glendon,2019/05/09,Purple
413,Ogden,2019/03/27,Turquoise
414,Lisa,2018/10/22,Violet
415,Kincaid,2018/12/05,Crimson
416,Panchito,2019/06/19,Indigo
417,Blondell,2018/12/12,Blue
418,Pavlov,2018/11/26,Aquamarine
419,Christopher,2019/02/19,Khaki
420,Javier,2018/10/21,Purple
421,Siffre,2018/11/07,Violet
422,Gaston,2019/05/15,Aquamarine
423,Raynell,2019/05/05,Orange
424,Joey,2018/10/25,Crimson
425,Candis,2018/11/17,Turquoise
426,Loydie,2019/03/02,Yellow
427,Celestyna,2019/06/25,Fuscia
428,Chere,2019/01/11,Turquoise
429,Maren,2019/03/30,Blue
430,Arlee,2018/10/04,Fuscia
431,Greg,2018/12/12,Blue
432,Padgett,2019/05/09,Teal
433,Roxie,2019/01/27,Fuscia
434,Rudyard,2019/06/25,Maroon
435,Melly,2019/03/10,Fuscia
436,Brietta,2019/04/04,Yellow
437,Kleon,2019/01/14,Maroon
438,Dania,2019/02/20,Fuscia
439,Nataline,2018/10/15,Pink
440,Sigvard,2019/06/30,Puce
441,Mord,2018/10/21,Puce
442,Alain,2018/12/29,Goldenrod
443,Richart,2019/06/04,Fuscia
444,Gabriella,2018/10/05,Mauv
445,Eunice,2019/04/11,Violet
446,Nollie,2018/09/28,Khaki
447,Stevy,2019/06/12,Crimson
448,Stephi,2019/01/05,Pink
449,Natal,2019/08/09,Teal
450,Cathryn,2018/11/23,Orange
451,Michele,2019/01/27,Indigo
452,Valenka,2018/11/21,Red
453,Dar,2018/10/26,Teal
454,Raquela,2019/03/22,Fuscia
455,Brook,2019/02/09,Violet
456,Kamillah,2018/11/15,Crimson
457,Whitney,2018/12/04,Blue
458,Elka,2019/09/07,Puce
459,Maynard,2019/02/01,Puce
460,Marnia,2018/10/25,Mauv
461,Shirline,2019/04/10,Khaki
462,Hana,2018/10/12,Green
463,Helaina,2019/03/09,Blue
464,Denney,2019/03/09,Goldenrod
465,Denys,2018/12/23,Indigo
466,Thaddus,2019/01/18,Puce
467,Ruthy,2018/11/10,Pink
468,Guido,2019/04/23,Maroon
469,Gerhardt,2019/05/21,Indigo
470,Kessia,2019/03/13,Blue
471,Lucien,2019/07/14,Turquoise
472,Clair,2018/10/15,Maroon
473,Yehudi,2019/02/22,Fuscia
474,Lucius,2019/04/04,Puce
475,Hermina,2019/03/18,Aquamarine
476,Katey,2019/07/23,Pink
477,Violante,2019/08/28,Fuscia
478,Jaymie,2019/08/10,Violet
479,Ardith,2018/10/06,Khaki
480,Daven,2019/05/31,Puce
481,Demetri,2018/10/10,Pink
482,Xaviera,2018/11/06,Fuscia
483,Brietta,2018/11/22,Goldenrod
484,Tiena,2019/01/26,Mauv
485,Jamie,2019/01/22,Goldenrod
486,Eileen,2019/07/08,Pink
487,Reinhold,2019/07/09,Pink
488,Vasily,2018/12/20,Fuscia
489,Georgeta,2019/04/16,Orange
490,Lotte,2019/04/11,Yellow
491,Gerda,2019/07/05,Puce
492,Donalt,2019/01/21,Blue
493,Jocelyne,2019/03/04,Maroon
494,Harrison,2019/03/06,Indigo
495,Flore,2019/01/18,Fuscia
496,Caz,2018/12/30,Goldenrod
497,Dacey,2019/09/10,Khaki
498,Hortensia,2019/04/26,Aquamarine
499,Gasparo,2019/06/04,Mauv
500,Bernice,2018/10/26,Green
501,Farrah,2019/03/29,Maroon
502,Adrian,2019/05/14,Violet
503,Zilvia,2019/08/29,Orange
504,Cindelyn,2019/03/27,Khaki
505,Padget,2018/10/03,Yellow
506,Kym,2019/07/31,Maroon
507,Frederico,2019/05/08,Indigo
508,Bartholemy,2019/06/22,Mauv
509,Adan,2019/01/06,Crimson
510,Brannon,2019/03/04,Khaki
511,Marvin,2019/06/16,Maroon
512,Christean,2019/05/01,Yellow
513,Susie,2019/02/05,Aquamarine
514,Modestine,2018/10/21,Teal
515,Carrie,2018/09/28,Purple
516,Gaby,2019/07/24,Mauv
517,Constancia,2018/10/07,Mauv
518,Barry,2019/04/08,Yellow
519,Anallise,2019/02/06,Crimson
520,Clara,2019/05/27,Indigo
521,Dido,2019/01/02,Maroon
522,Cindelyn,2019/08/29,Indigo
523,Roxine,2019/03/28,Mauv
524,Klaus,2018/12/06,Goldenrod
525,Kinna,2019/02/08,Maroon
526,Merrilee,2019/03/24,Indigo
527,Laurent,2019/04/02,Turquoise
528,Eran,2019/03/05,Aquamarine
529,Lulu,2018/09/12,Crimson
530,Ive,2018/12/22,Puce
531,Charlie,2019/07/22,Purple
532,Samantha,2019/05/28,Mauv
533,Randolph,2018/11/06,Violet
534,Cristobal,2019/07/01,Green
535,Martino,2019/02/27,Khaki
536,Morgun,2019/02/05,Puce
537,Carissa,2019/02/01,Puce
538,Earl,2019/03/02,Yellow
539,Hillyer,2019/04/01,Orange
540,Rennie,2019/07/19,Turquoise
541,Belita,2019/01/07,Khaki
542,Ardith,2019/09/04,Pink
543,Agretha,2019/08/05,Violet
544,Deborah,2019/05/22,Puce
545,Hastie,2019/06/14,Goldenrod
546,Janet,2018/12/24,Puce
547,Dacia,2019/07/05,Red
548,Bryn,2019/04/20,Purple
549,Slade,2019/01/12,Crimson
550,Gearard,2019/02/25,Turquoise
551,Tuesday,2019/08/31,Maroon
552,Chet,2019/08/17,Goldenrod
553,Bernice,2019/02/18,Fuscia
554,Marie-ann,2019/04/14,Mauv
555,Ignacio,2018/11/09,Purple
556,Roldan,2019/01/18,Crimson
557,Devonne,2019/09/04,Fuscia
558,Meyer,2019/01/11,Yellow
559,Greg,2019/09/01,Crimson
560,Leroi,2019/01/06,Puce
561,Cecilius,2019/07/04,Khaki
562,Sax,2019/08/24,Aquamarine
563,Templeton,2019/01/17,Red
564,Bobbie,2019/01/27,Red
565,Bartlett,2018/11/24,Green
566,Terrill,2019/07/27,Maroon
567,Dierdre,2019/08/28,Green
568,Woodman,2019/04/06,Yellow
569,Kienan,2019/02/02,Pink
570,Sayer,2019/07/04,Purple
571,Dud,2019/04/04,Puce
572,Allegra,2019/06/07,Turquoise
573,Burr,2019/07/18,Blue
574,Templeton,2018/09/26,Aquamarine
575,Flinn,2019/07/11,Green
576,Olivia,2019/01/31,Turquoise
577,Isabella,2019/06/03,Pink
578,Trevor,2018/11/14,Maroon
579,Dareen,2019/06/09,Maroon
580,Zerk,2019/06/15,Fuscia
581,Danice,2019/02/04,Yellow
582,Charlene,2018/11/16,Crimson
583,Cory,2019/08/20,Yellow
584,Desiree,2019/01/12,Indigo
585,Benedikt,2018/12/05,Yellow
586,Gard,2019/05/11,Goldenrod
587,Alysia,2018/11/05,Violet
588,Barnard,2019/07/29,Teal
589,Georgeanna,2019/08/20,Violet
590,Peg,2018/12/22,Blue
591,Silvester,2019/05/25,Indigo
592,Ruttger,2019/09/06,Aquamarine
593,Malva,2018/10/31,Crimson
594,Pascale,2018/10/28,Pink
595,Jade,2018/10/05,Pink
596,Catherine,2018/10/15,Indigo
597,Gabriel,2019/03/25,Purple
598,Leslie,2019/07/02,Maroon
599,Carin,2018/12/07,Pink
600,Irving,2018/12/18,Orange
601,Yankee,2019/03/08,Goldenrod
602,Wenonah,2019/07/09,Crimson
603,Antonina,2019/03/31,Pink
604,Stephanus,2018/11/06,Puce
605,Clyde,2019/08/18,Red
606,Wanda,2019/04/18,Yellow
607,Daile,2019/08/27,Aquamarine
608,Kimble,2019/05/15,Blue
609,Filippo,2019/06/17,Aquamarine
610,Carlee,2018/10/05,Turquoise
611,Jade,2019/03/20,Teal
612,Aluin,2019/08/04,Red
613,Adella,2019/04/05,Khaki
614,Adolf,2019/07/13,Fuscia
615,Frazier,2019/09/05,Green
616,Leonardo,2019/07/19,Yellow
617,Mariska,2018/11/22,Orange
618,Tracy,2019/05/30,Crimson
619,Stacee,2019/03/16,Red
620,Jamie,2019/06/05,Green
621,Koren,2019/03/18,Maroon
622,Mariam,2018/10/05,Mauv
623,Athena,2018/12/24,Orange
624,Ardyce,2018/09/24,Blue
625,Whitby,2019/06/24,Red
626,Courtenay,2019/05/31,Turquoise
627,Goddard,2018/11/16,Khaki
628,Teddie,2018/09/19,Green
629,Jerrie,2019/05/13,Violet
630,Jobi,2019/03/12,Yellow
631,Bailie,2019/07/01,Turquoise
632,Fawne,2019/01/10,Green
633,Gabriel,2018/09/28,Puce
634,Sauveur,2018/12/30,Teal
635,Brittne,2019/04/18,Aquamarine
636,Engelbert,2018/10/06,Maroon
637,Marnie,2019/03/11,Mauv
638,Cello,2018/10/02,Violet
639,Richy,2019/06/20,Orange
640,Tracie,2019/02/11,Pink
641,Laurence,2019/08/16,Blue
642,Jen,2019/05/10,Crimson
643,Leigha,2019/05/10,Indigo
644,Justino,2018/11/02,Blue
645,Peg,2019/01/15,Violet
646,Towney,2019/07/10,Indigo
647,Dylan,2019/08/05,Turquoise
648,Daria,2019/06/17,Indigo
649,Davin,2018/11/25,Yellow
650,Taryn,2019/02/04,Red
651,Buiron,2018/11/15,Pink
652,Myra,2019/08/23,Crimson
653,Ambur,2018/09/22,Turquoise
654,Henri,2019/08/09,Blue
655,Clay,2019/08/10,Red
656,Nealy,2019/02/12,Goldenrod
657,Abraham,2018/09/16,Crimson
658,Kayle,2018/12/29,Crimson
659,Earlie,2018/12/26,Aquamarine
660,Kitti,2019/03/10,Purple
661,Evangelina,2019/04/30,Turquoise
662,Menard,2019/03/03,Green
663,Casey,2019/07/24,Indigo
664,Muhammad,2019/04/04,Aquamarine
665,Ellwood,2018/12/26,Turquoise
666,Rees,2018/09/23,Red
667,Arley,2018/09/25,Red
668,Dorey,2019/03/10,Teal
669,Devonne,2019/08/22,Orange
670,Zora,2018/12/21,Maroon
671,Alyce,2019/07/12,Blue
672,Ange,2018/11/10,Turquoise
673,Kayne,2018/10/05,Fuscia
674,Lynnea,2019/05/11,Purple
675,Helli,2018/10/14,Fuscia
676,Kerwin,2019/01/16,Blue
677,Katrina,2019/05/26,Red
678,Andrei,2019/01/06,Mauv
679,Rosabelle,2019/06/05,Khaki
680,Ninon,2019/04/12,Crimson
681,Valera,2018/10/19,Yellow
682,Paloma,2018/11/25,Purple
683,Griselda,2018/11/14,Indigo
684,Gena,2018/12/04,Fuscia
685,Lutero,2019/05/06,Fuscia
686,Francoise,2018/11/27,Yellow
687,Pippa,2019/06/09,Aquamarine
688,Della,2018/10/26,Fuscia
689,Jolene,2019/03/11,Aquamarine
690,Dyane,2019/03/25,Orange
691,Martino,2019/06/05,Yellow
692,Jan,2019/02/01,Yellow
693,Kathi,2019/06/13,Fuscia
694,Cordy,2019/08/09,Teal
695,Faun,2019/06/14,Khaki
696,Blythe,2018/12/17,Turquoise
697,Josephine,2019/01/20,Goldenrod
698,Matteo,2018/12/09,Aquamarine
699,Meghan,2018/12/01,Purple
700,Dieter,2018/09/28,Green
701,Nadeen,2019/07/04,Blue
702,Marvin,2019/07/27,Crimson
703,Serena,2019/02/06,Goldenrod
704,Dennie,2018/11/16,Goldenrod
705,Kenon,2019/05/15,Fuscia
706,Marianne,2019/02/07,Purple
707,Corabella,2019/04/01,Goldenrod
708,Alvinia,2019/07/30,Green
709,Giselle,2019/07/13,Yellow
710,Berk,2019/08/07,Goldenrod
711,Randy,2019/02/03,Khaki
712,Dory,2019/07/12,Aquamarine
713,Domeniga,2019/06/13,Maroon
714,Marcel,2019/08/12,Maroon
715,Xylia,2019/08/02,Mauv
716,Edmon,2019/02/15,Goldenrod
717,Roi,2019/01/27,Khaki
718,Aveline,2019/04/02,Red
719,Caron,2018/10/18,Maroon
720,Valida,2019/07/07,Orange
721,Bibby,2018/09/29,Mauv
722,Radcliffe,2019/07/09,Red
723,Roxi,2019/06/02,Turquoise
724,Paola,2019/04/22,Red
725,Agnesse,2018/09/18,Goldenrod
726,Alexis,2019/03/25,Teal
727,Cassie,2018/10/19,Orange
728,Myrtie,2019/07/01,Pink
729,Haroun,2019/02/14,Teal
730,Averil,2018/12/13,Purple
731,Kristel,2018/10/11,Indigo
732,Perri,2019/03/11,Turquoise
733,Early,2018/10/19,Purple
734,Moreen,2019/04/15,Violet
735,Selena,2018/09/14,Red
736,Lutero,2019/04/19,Red
737,Fan,2019/02/17,Turquoise
738,Ashli,2019/05/02,Khaki
739,Norbie,2019/04/12,Indigo
740,Jasmina,2019/02/12,Yellow
741,Raddy,2019/04/26,Goldenrod
742,Teena,2019/06/06,Violet
743,Cherey,2018/10/22,Purple
744,Gwendolin,2019/04/22,Turquoise
745,Madelin,2019/06/20,Puce
746,Cos,2019/02/16,Blue
747,Terence,2019/07/15,Teal
748,Bank,2018/12/12,Goldenrod
749,Duff,2018/09/25,Crimson
750,Chelsie,2019/05/03,Violet
751,Lindy,2019/01/07,Mauv
752,Selma,2018/12/10,Puce
753,Nomi,2019/03/08,Violet
754,Kimble,2019/03/31,Blue
755,Ariela,2019/01/11,Teal
756,Kinsley,2019/05/10,Puce
757,Vince,2019/05/07,Mauv
758,Iormina,2019/03/18,Blue
759,Hunfredo,2018/11/24,Goldenrod
760,Maryrose,2018/10/17,Pink
761,Heath,2019/01/11,Indigo
762,Jens,2019/06/01,Mauv
763,Pierre,2019/05/05,Indigo
764,Jordon,2019/06/07,Maroon
765,Alfie,2018/11/14,Maroon
766,Marion,2019/05/23,Puce
767,Chryste,2019/07/16,Fuscia
768,Abel,2018/09/28,Yellow
769,Brander,2019/07/27,Violet
770,Fair,2019/01/08,Orange
771,Travers,2019/06/26,Maroon
772,Marijn,2019/01/10,Teal
773,Tania,2019/08/17,Puce
774,Lethia,2019/07/16,Maroon
775,Belva,2018/11/15,Puce
776,Hailey,2018/12/15,Orange
777,Catherine,2019/05/03,Puce
778,Tom,2019/05/14,Maroon
779,Haydon,2019/01/14,Maroon
780,Ali,2019/08/30,Aquamarine
781,Jenny,2018/12/12,Turquoise
782,Bing,2019/08/09,Yellow
783,Graig,2019/01/07,Purple
784,Gwen,2018/12/29,Maroon
785,Rose,2019/03/22,Yellow
786,Gaston,2019/02/07,Goldenrod
787,Lutero,2018/09/15,Teal
788,Dreddy,2019/09/10,Blue
789,Christin,2019/06/19,Pink
790,Leonard,2019/03/02,Fuscia
791,Eyde,2019/04/19,Purple
792,Alistair,2019/06/04,Khaki
793,Karney,2019/07/01,Crimson
794,Branden,2019/07/02,Maroon
795,Faustine,2018/09/16,Puce
796,Georgena,2019/02/08,Pink
797,Igor,2019/01/24,Purple
798,Tedie,2018/10/26,Khaki
799,Antonella,2018/12/20,Mauv
800,Monti,2019/05/13,Mauv
801,Rianon,2019/04/30,Aquamarine
802,Andrus,2019/06/22,Violet
803,Hilary,2019/04/08,Blue
804,Caril,2018/11/11,Maroon
805,Cherise,2019/05/21,Teal
806,Megan,2019/06/14,Blue
807,Rolfe,2018/12/20,Pink
808,Stirling,2019/06/24,Puce
809,Charlton,2019/01/18,Orange
810,Etti,2018/11/09,Khaki
811,Josephina,2018/11/05,Mauv
812,Darill,2019/05/01,Violet
813,Vale,2019/01/07,Teal
814,Dyan,2019/01/22,Blue
815,Tomasine,2019/01/05,Orange
816,Dennis,2019/08/20,Goldenrod
817,Berte,2019/04/28,Blue
818,Elvera,2019/07/09,Crimson
819,Pacorro,2018/12/10,Blue
820,Constantin,2019/04/03,Maroon
821,Averil,2019/03/28,Aquamarine
822,Haily,2019/02/25,Puce
823,Tallulah,2019/06/05,Purple
824,Saundra,2018/12/16,Violet
825,Meade,2018/10/25,Green
826,Constance,2019/01/14,Fuscia
827,Base,2019/05/19,Teal
828,Leandra,2018/12/10,Red
829,Addi,2019/03/31,Pink
830,Arel,2019/01/22,Purple
831,Arleta,2019/02/02,Puce
832,Dyanna,2019/01/07,Orange
833,Kessia,2019/07/30,Puce
834,Roxane,2019/01/16,Maroon
835,Nils,2019/09/01,Fuscia
836,Nat,2018/11/04,Maroon
837,Sybilla,2018/09/13,Green
838,Daron,2018/11/20,Goldenrod
839,Fenelia,2019/03/18,Red
840,Nomi,2019/07/31,Mauv
841,Miner,2019/01/14,Red
842,Tybie,2018/11/16,Aquamarine
843,Kristel,2018/11/07,Puce
844,Ianthe,2019/01/18,Green
845,Orbadiah,2019/08/12,Maroon
846,Abbi,2019/03/20,Violet
847,Averyl,2019/05/28,Indigo
848,Shawn,2019/01/14,Yellow
849,Bell,2019/08/30,Maroon
850,Siffre,2019/07/03,Purple
851,Dennie,2019/05/28,Maroon
852,Basia,2019/04/06,Purple
853,Brandais,2019/05/03,Maroon
854,Maurice,2019/06/02,Goldenrod
855,Daloris,2019/07/31,Goldenrod
856,Flin,2019/08/31,Teal
857,Elbert,2019/04/11,Puce
858,Yule,2019/01/22,Aquamarine
859,Antone,2018/09/18,Teal
860,Rory,2018/09/16,Crimson
861,Dell,2019/04/16,Fuscia
862,Anatol,2019/02/04,Purple
863,Jenifer,2019/04/24,Blue
864,Benedetta,2019/09/10,Teal
865,Uriah,2018/12/20,Turquoise
866,Maggi,2018/11/25,Yellow
867,Kleon,2019/02/11,Orange
868,Leticia,2019/07/05,Aquamarine
869,Kippie,2019/01/10,Indigo
870,Gilemette,2019/05/29,Red
871,Klement,2018/11/12,Indigo
872,Constancia,2019/01/30,Violet
873,Katharine,2019/07/22,Indigo
874,Fonzie,2019/05/04,Maroon
875,Alla,2019/02/21,Green
876,Hunter,2019/03/20,Teal
877,Putnam,2019/01/25,Khaki
878,Erminie,2019/07/20,Orange
879,Georgiana,2019/01/01,Purple
880,Malachi,2019/08/14,Fuscia
881,Lilia,2019/03/02,Indigo
882,Gilberto,2018/10/20,Teal
883,Otto,2019/06/20,Maroon
884,Arvie,2018/09/19,Fuscia
885,Janeta,2019/02/19,Orange
886,Manolo,2019/04/18,Maroon
887,Kandy,2018/12/17,Maroon
888,Bar,2019/05/30,Fuscia
889,Alix,2019/03/07,Puce
890,Grant,2019/07/11,Crimson
891,Leland,2019/07/21,Goldenrod
892,Rudd,2018/10/21,Aquamarine
893,Saloma,2018/09/28,Teal
894,Townie,2018/12/09,Teal
895,Bili,2019/07/07,Orange
896,Saudra,2019/04/22,Mauv
897,Katina,2019/05/13,Pink
898,Star,2018/12/13,Fuscia
899,Amos,2019/06/22,Orange
900,Leicester,2019/05/25,Red
901,Garrott,2018/10/12,Khaki
902,Avis,2019/03/03,Maroon
903,Andrew,2019/04/21,Violet
904,Kasey,2018/10/29,Purple
905,Querida,2019/08/23,Yellow
906,Claudelle,2019/04/21,Khaki
907,Allison,2019/02/07,Indigo
908,Zebulen,2019/06/02,Crimson
909,Faye,2019/01/19,Maroon
910,Pierette,2019/03/29,Khaki
911,Edgard,2018/09/25,Fuscia
912,Anissa,2019/07/07,Violet
913,Immanuel,2019/06/14,Turquoise
914,Sonya,2018/09/27,Pink
915,Bennett,2019/02/23,Indigo
916,Geoffry,2019/01/18,Pink
917,Alwyn,2019/01/22,Khaki
918,Waneta,2019/08/15,Green
919,Gilemette,2018/10/26,Violet
920,Martainn,2018/12/23,Aquamarine
921,Marcella,2019/07/04,Red
922,Kerri,2019/05/16,Red
923,Jessamine,2019/08/08,Red
924,Haydon,2018/09/22,Indigo
925,Ozzie,2018/09/28,Yellow
926,Loralie,2018/09/19,Violet
927,Liva,2018/11/06,Pink
928,Michele,2019/01/21,Mauv
929,Courtenay,2018/12/14,Mauv
930,Baird,2019/02/10,Pink
931,Olvan,2019/03/08,Yellow
932,Marney,2019/01/23,Khaki
933,Freddy,2018/09/11,Indigo
934,Marissa,2019/06/24,Khaki
935,Rosanne,2019/03/14,Khaki
936,Kala,2019/03/27,Indigo
937,Inessa,2019/07/07,Khaki
938,Jacinta,2019/05/03,Green
939,Cleavland,2018/09/23,Turquoise
940,Tamra,2019/05/27,Teal
941,Luis,2019/04/13,Pink
942,Nanette,2019/03/01,Pink
943,Gilburt,2018/11/14,Yellow
944,Berti,2019/07/12,Crimson
945,Chantal,2019/05/25,Pink
946,Gertrud,2018/11/04,Indigo
947,Cloris,2018/10/21,Violet
948,Allan,2019/04/25,Teal
949,Maison,2019/07/22,Crimson
950,Teddi,2019/01/05,Mauv
951,Georgie,2018/09/21,Puce
952,Karissa,2019/04/17,Goldenrod
953,Roda,2018/10/04,Violet
954,Che,2018/12/26,Goldenrod
955,Bird,2019/07/14,Indigo
956,Denver,2019/05/31,Goldenrod
957,Simona,2018/10/13,Puce
958,Maury,2019/03/13,Green
959,Christiana,2018/09/20,Green
960,Webb,2019/08/23,Violet
961,Augustine,2019/03/29,Goldenrod
962,Art,2019/09/03,Blue
963,Robbie,2018/10/07,Puce
964,Gearard,2019/02/04,Red
965,Rufus,2018/11/07,Fuscia
966,Orly,2019/04/20,Teal
967,Luther,2018/12/19,Teal
968,Kathleen,2019/01/24,Red
969,Martelle,2019/06/07,Indigo
970,Dolores,2019/04/27,Violet
971,Livvy,2018/10/15,Indigo
972,Stillmann,2019/03/09,Violet
973,Rodina,2019/01/27,Violet
974,Madalyn,2019/05/12,Yellow
975,Nisse,2019/07/28,Goldenrod
976,Christiana,2019/05/08,Maroon
977,Jacquenette,2019/08/29,Red
978,Barrett,2019/02/01,Crimson
979,Violet,2019/03/06,Purple
980,Brietta,2018/10/29,Aquamarine
981,Rosy,2019/01/19,Puce
982,Ardelis,2019/08/06,Mauv
983,Kelly,2019/03/10,Teal
984,Phelia,2018/11/16,Mauv
985,Bride,2019/08/23,Goldenrod
986,Jessee,2019/01/03,Aquamarine
987,Pincus,2018/11/11,Maroon
988,Rik,2019/06/26,Mauv
989,Karlen,2018/09/14,Aquamarine
990,Rachael,2019/07/22,Crimson
991,Libbi,2019/08/27,Fuscia
992,Noble,2019/03/10,Pink
993,Clem,2019/01/16,Green
994,Justin,2018/11/10,Pink
995,Domenico,2019/02/24,Khaki
996,Ryon,2019/06/22,Purple
997,Betti,2018/12/01,Blue
998,Ali,2018/12/08,Aquamarine
999,Elisha,2018/11/12,Aquamarine
1000,Elora,2019/05/04,Yellow
